Date,State,International Airport,New Indian,New Foreigner,Recovered,Fatal,Quarantine count,Temperature,Humidity,Population Density,Alert/Lockdown state,Tourism,Total Indian,Total Foreigner,Total recovered,Total decesed,Indian Diff,Foreigner Diff,Indian percentage increment,Foreign percentage increment,Statewise increement,,Statewise recovered increment,Statewise deceased increment,Statewise increment percentage,Statewise number of tests,LS Factor
3/15/2020,AP,0,1,0,0,0,,31,80,303,0,0,91,19,10,2,,,,,1,0,0,0,0,,0.046040516
3/15/2020,DL,1,7,0,2,1,,26,84,11297,0,1,,,,,,,,,7,0,0,0,0,,0.012891344
3/15/2020,HR,0,0,14,0,0,,26,58,573,0,0,,,,,,,,,0,0,0,0,0,,0.018416206
3/15/2020,KA,1,7,0,0,1,,33,52,319,0,0,,,,,,,,,7,0,0,0,0,,0.051565378
3/15/2020,KL,1,22,2,3,0,,33,76,859,0,1,,,,,,,,,22,0,0,0,0,,0.036832413
3/15/2020,MH,1,31,0,0,0,,34,0,365,0,0,,,,,,,,,31,0,0,0,0,,0.08839779
3/15/2020,PB,0,1,0,0,0,,24,74,550,0,0,,,,,,,,,1,0,0,0,0,,0.023941068
3/15/2020,RJ,0,2,2,0,0,,26,37,201,0,1,,,,,,,,,2,0,0,0,0,,0.046040516
3/15/2020,TN,1,1,0,0,0,,32,74,555,0,0,,,,,,,,,1,0,0,0,0,,0.071823204
3/15/2020,TG,1,3,0,1,0,,34,57,312,0,0,,,,,,,,,3,0,0,0,0,,0.031307551
3/15/2020,UP,0,11,1,4,0,,27,69,828,0,1,,,,,,,,,11,0,0,0,0,,0.14732965
3/15/2020,UTJK,0,2,0,0,0,,13,63,98,0,0,,,,,,,,,2,0,0,0,0,,0.009208103
3/15/2020,UTL,0,3,0,0,0,,1,63,2.8,0,1,,,,,,,,,3,0,0,0,0,,0.001841621
3/16/2020,AP,0,1,0,0,0,,31,89,303,0,0,98,19,13,2,7,0,0.076923077,,0,0,0,0,0,,0.046040516
3/16/2020,DL,1,7,0,2,1,,26,92,11297,0,1,,,,,,,,,0,0,0,0,0,,0.012891344
3/16/2020,HR,0,0,14,0,0,,26,64,573,0,0,,,,,,,,,0,0,0,0,0,,0.018416206
3/16/2020,KA,1,7,0,0,1,,33,55,319,0,0,,,,,,,,,0,0,0,0,0,,0.051565378
3/16/2020,KL,1,23,2,3,0,,33,76,859,0,1,,,,,,,,,1,0,0,0,0.045454545,,0.036832413
3/16/2020,MH,1,32,0,0,0,,34,0,365,0,0,,,,,,,,,1,0,0,0,0.032258065,,0.08839779
3/16/2020,OD,0,1,0,0,0,,33,83,269,0,0,,,,,,,,,0,0,0,0,0,,0.038674033
3/16/2020,PB,0,1,0,0,0,,24,74,550,0,0,,,,,,,,,0,0,0,0,0,,0.023941068
3/16/2020,RJ,0,2,2,3,0,,26,38,201,0,1,,,,,,,,,0,0,3,0,0,,0.046040516
3/16/2020,TN,1,1,0,0,0,,32,76,555,0,0,,,,,,,,,0,0,0,0,0,,0.071823204
3/16/2020,TG,1,3,0,1,0,,34,62,312,0,0,,,,,,,,,0,0,0,0,0,,0.031307551
3/16/2020,UK,0,1,0,0,0,,26,85,189,0,1,,,,,,,,,0,0,0,0,0,,0.009208103
3/16/2020,UTJK,0,3,0,0,0,,13,68,98,0,0,,,,,,,,,1,0,0,0,0.5,,0.009208103
3/16/2020,UTL,0,4,0,0,0,,1,68,2.8,0,1,,,,,,,,,1,0,0,0,0.333333333,,0.001841621
3/16/2020,UP,0,12,1,4,0,,27,70,828,0,1,,,,,,,,,1,0,4,0,1,,0.14732965
3/17/2020,AP,0,1,0,0,0,,31,78,303,0,0,99,23,9,3,1,4,0.010204082,0.210526316,0,0,0,0,0,,0.046040516
3/17/2020,DL,1,8,0,2,1,,27,88,11297,0,1,,,,,,,,,1,0,0,0,0.142857143,,0.012891344
3/17/2020,HR,0,1,14,0,0,,28,58,573,0,0,,,,,,,,,1,0,0,0,0,,0.018416206
3/17/2020,KA,1,11,0,0,1,,32,47,319,0,0,,,,,,,,,4,0,0,0,0.571428571,,0.051565378
3/17/2020,KL,1,24,2,3,0,,36,79,859,0,1,,,,,,,,,1,0,0,0,0.043478261,,0.036832413
3/17/2020,MH,1,36,3,0,1,,34,0,365,0,0,,,,,,,,,4,3,0,1,0.125,,0.08839779
3/17/2020,OD,0,1,0,0,0,,34,84,269,0,0,,,,,,,,,0,0,0,0,0,,0.038674033
3/17/2020,PB,0,1,0,0,0,,26,70,550,0,0,,,,,,,,,0,0,0,0,0,,0.023941068
3/17/2020,RJ,0,2,2,3,0,,29,31,201,0,1,,,,,,,,,0,0,0,0,0,,0.046040516
3/17/2020,TN,1,1,0,0,0,,32,77,555,0,0,,,,,,,,,0,0,0,0,0,,0.071823204
3/17/2020,TG,1,3,2,1,0,,36,52,312,0,0,,,,,,,,,0,2,0,0,0,,0.031307551
3/17/2020,UK,0,1,0,0,0,,26,88,189,0,1,,,,,,,,,0,0,0,0,0,,0.009208103
3/17/2020,UTJK,0,3,0,0,0,,15,54,98,0,0,,,,,,,,,0,0,0,0,0,,0.009208103
3/17/2020,UTL,0,6,0,0,0,,2,54,2.8,0,1,,,,,,,,,2,0,0,0,0.5,,0.001841621
3/17/2020,UP,0,14,1,5,0,,29,69,828,0,1,,,,,,,,,2,0,1,0,0.166666667,,0.14732965
3/18/2020,AP,0,1,0,0,0,,31,84,303,0,0,125,25,14,3,26,2,0.208,0.08,0,0,0,0,0,6500,0.046040516
3/18/2020,DL,1,9,1,2,1,,27,84,11297,0,1,,,,,,,,,1,1,0,0,0.125,,0.012891344
3/18/2020,HR,0,3,14,0,0,,28,52,573,0,0,,,,,,,,,2,0,0,0,2,,0.018416206
3/18/2020,KA,1,11,0,0,1,,34,41,319,0,0,,,,,,,,,0,0,0,0,0,,0.051565378
3/18/2020,KL,1,25,2,3,0,,34,73,859,0,1,,,,,,,,,1,0,0,0,0.041666667,,0.036832413
3/18/2020,MH,1,39,3,0,1,,26,0,365,0,0,,,,,,,,,3,0,0,0,0.083333333,,0.08839779
3/18/2020,OD,0,1,0,0,0,,29,86,269,0,0,,,,,,,,,0,0,0,0,0,,0.038674033
3/18/2020,PB,0,1,0,0,0,,32,74,550,0,0,,,,,,,,,0,0,0,0,0,,0.023941068
3/18/2020,RJ,0,2,2,3,0,,36,27,201,0,1,,,,,,,,,0,0,0,0,0,,0.046040516
3/18/2020,TN,1,1,0,0,0,,32,78,555,0,0,,,,,,,,,0,0,0,0,0,,0.071823204
3/18/2020,TG,1,4,2,1,0,,36,50,312,0,0,,,,,,,,,1,0,0,0,0.333333333,,0.031307551
3/18/2020,UK,0,1,0,0,0,,26,66,189,0,0,,,,,,,,,0,0,0,0,0,,0.009208103
3/18/2020,UTJK,0,3,0,0,0,,15,59,98,0,0,,,,,,,,,0,0,0,0,0,,0.009208103
3/18/2020,UTL,0,8,0,0,0,,2,59,2.8,0,1,,,,,,,,,2,0,0,0,0.333333333,,0.001841621
3/18/2020,UP,0,15,1,5,0,,29,66,828,0,1,,,,,,,,,1,0,0,0,0.071428571,,0.14732965
3/18/2020,WB,1,1,0,0,0,,32,65,1029,0,0,,,,,,,,,0,0,0,0,0,,0.077348066
3/19/2020,AP,0,2,0,0,0,,32,78,303,0,0,148,25,20,4,23,0,0.184,0,1,0,0,0,1,14175,0.046040516
3/19/2020,CG,0,1,0,0,0,,29,78,189,0,0,,,,,,,,,0,0,0,0,0,,0.020257827
3/19/2020,DL,1,11,1,3,1,,29,86,11297,0,1,,,,,,,,,2,0,1,0,0.222222222,,0.012891344
3/19/2020,HR,0,3,14,0,0,,30,58,573,0,0,,,,,,,,,0,0,0,0,0,,0.018416206
3/19/2020,KA,1,14,0,0,1,,34,33,319,0,0,,,,,,,,,3,0,0,0,0.272727273,,0.051565378
3/19/2020,KL,1,25,2,3,0,,36,78,859,0,1,,,,,,,,,0,0,0,0,0,,0.036832413
3/19/2020,MH,1,44,3,0,1,,32,0,365,0,0,,,,,,,,,5,0,0,0,0.128205128,,0.08839779
3/19/2020,OD,0,1,0,0,0,,32,94,269,0,0,,,,,,,,,0,0,0,0,0,,0.038674033
3/19/2020,PC,0,1,0,0,0,,32,80,2598,0,1,,,,,,,,,0,0,0,0,0,,0.001841621
3/19/2020,PB,0,2,0,0,1,,27,74,550,0,0,,,,,,,,,1,0,0,1,1,,0.023941068
3/19/2020,RJ,0,5,2,3,0,,32,21,201,0,0,,,,,,,,,3,0,0,0,1.5,,0.046040516
3/19/2020,TN,1,2,0,1,0,,33,68,555,0,0,,,,,,,,,1,0,1,0,1,,0.071823204
3/19/2020,TG,1,4,2,1,0,,33,83,312,0,0,,,,,,,,,0,0,0,0,0,,0.031307551
3/19/2020,UK,0,1,0,0,0,,27,78,189,0,0,,,,,,,,,0,0,0,0,0,,0.009208103
3/19/2020,UTCH,0,1,0,0,0,,26,74,9252,0,0,,,,,,,,,0,0,0,0,0,,0.001841621
3/19/2020,UTJK,0,4,0,0,0,,15,56,98,0,0,,,,,,,,,1,0,0,0,0.333333333,,0.009208103
3/19/2020,UTL,0,8,0,0,0,,1,56,2.8,0,1,,,,,,,,,0,0,0,0,0,,0.001841621
3/19/2020,UP,0,18,1,9,0,,31,62,828,0,1,,,,,,,,,3,0,4,0,0.2,,0.14732965
3/19/2020,WB,1,1,0,0,0,,33,57,1029,0,0,,,,,,,,,0,0,0,0,0,,0.077348066
3/20/2020,AP,0,3,0,0,0,,31,86,303,0,0,191,32,23,4,43,7,0.290540541,0.28,1,0,0,0,0.5,15404,0.046040516
3/20/2020,CG,0,1,0,0,0,,32,62,189,0,0,,,,,,,,,0,0,0,0,0,,0.020257827
3/20/2020,DL,1,16,1,5,1,,30,82,11297,0,1,,,,,,,,,5,0,2,0,0.454545455,,0.012891344
3/20/2020,GJ,1,5,0,0,0,,34,34,308,0,0,,,,,,,,,0,0,0,0,0,,0.047882136
3/20/2020,HR,0,3,14,0,0,,31,49,573,0,0,,,,,,,,,0,0,0,0,0,,0.018416206
3/20/2020,KA,1,15,0,1,1,,32,72,319,0,0,,,,,,,,,1,0,1,0,0.071428571,,0.051565378
3/20/2020,KL,1,26,2,3,0,,34,74,859,0,1,,,,,,,,,1,0,0,0,0.04,,0.036832413
3/20/2020,MH,1,49,3,0,1,,31,0,365,0,0,,,,,,,,,5,0,0,0,0.113636364,,0.08839779
3/20/2020,OD,0,2,0,0,0,,34,84,269,0,0,,,,,,,,,1,0,0,0,1,,0.038674033
3/20/2020,PC,0,1,0,0,0,,32,81,2598,0,1,,,,,,,,,0,0,0,0,0,,0.001841621
3/20/2020,PB,0,2,0,0,1,,28,70,550,0,0,,,,,,,,,0,0,0,0,0,,0.023941068
3/20/2020,RJ,0,15,2,3,0,,32,42,201,0,0,,,,,,,,,10,0,0,0,2,,0.046040516
3/20/2020,TN,1,3,0,1,0,,32,74,555,0,0,,,,,,,,,1,0,0,0,0.5,,0.071823204
3/20/2020,TG,1,8,9,1,0,,35,62,312,0,0,,,,,,,,,4,7,0,0,1,,0.031307551
3/20/2020,UK,0,3,0,0,0,,28,83,189,0,0,,,,,,,,,2,0,0,0,2,,0.009208103
3/20/2020,UTCH,0,1,0,0,0,,27,70,9252,0,0,,,,,,,,,0,0,0,0,0,,0.001841621
3/20/2020,UTJK,0,4,0,0,0,,15,67,98,0,0,,,,,,,,,0,0,0,0,0,,0.009208103
3/20/2020,UTL,0,10,0,0,0,,2,67,2.8,0,1,,,,,,,,,2,0,0,0,0.25,,0.001841621
3/20/2020,UP,0,22,1,9,0,,33,46,828,0,1,,,,,,,,,4,0,0,0,0.222222222,,0.14732965
3/20/2020,WB,1,2,0,0,0,,33,46,1029,0,0,,,,,,,,,1,0,0,0,1,,0.077348066
3/21/2020,AP,0,3,0,0,0,,33,80,303,0,0,244,39,23,4,53,7,0.277486911,0.21875,0,0,0,0,0,16911,0.046040516
3/21/2020,CG,0,1,0,0,0,,30,68,189,0,0,,,,,,,,,0,0,0,0,0,,0.020257827
3/21/2020,DL,1,25,1,5,1,,29,84,11297,0,1,,,,,,,,,9,0,0,0,0.5625,,0.012891344
3/21/2020,GJ,1,7,0,0,0,,35,40,308,0,0,,,,,,,,,2,0,0,0,0.4,,0.047882136
3/21/2020,HR,0,3,14,0,0,,30,48,573,0,0,,,,,,,,,0,0,0,0,0,,0.018416206
3/21/2020,HP,0,2,0,0,0,,14,95,123,0,0,,,,,,,,,0,0,0,0,0,,0.007366483
3/21/2020,KA,1,15,0,1,1,,33,52,319,0,0,,,,,,,,,0,0,0,0,0,,0.051565378
3/21/2020,KL,1,33,7,3,0,,35,70,859,0,1,,,,,,,,,7,5,0,0,0.269230769,,0.036832413
3/21/2020,MP,0,4,0,0,0,,32,50,236,0,0,,,,,,,,,0,0,0,0,0,,0.053406998
3/21/2020,MH,1,60,3,0,1,,30,0,365,1,0,,,,,,,,,11,0,0,0,0.224489796,,0.08839779
3/21/2020,OD,0,2,0,0,0,,28,91,269,0,0,,,,,,,,,0,0,0,0,0,,0.038674033
3/21/2020,PC,0,1,0,0,0,,33,80,2598,0,1,,,,,,,,,0,0,0,0,0,,0.001841621
3/21/2020,PB,0,13,0,0,1,,26,77,550,0,0,,,,,,,,,11,0,0,0,5.5,,0.023941068
3/21/2020,RJ,0,15,2,3,0,,32,42,201,0,0,,,,,,,,,0,0,0,0,0,,0.046040516
3/21/2020,TN,1,3,0,1,0,,32,77,555,0,0,,,,,,,,,0,0,0,0,0,,0.071823204
3/21/2020,TG,1,10,11,1,0,,35,65,312,0,0,,,,,,,,,2,2,0,0,0.25,,0.031307551
3/21/2020,UK,0,3,0,0,0,,28,58,189,0,0,,,,,,,,,0,0,0,0,0,,0.009208103
3/21/2020,UTCH,0,1,0,0,0,,26,77,9252,0,0,,,,,,,,,0,0,0,0,0,,0.001841621
3/21/2020,UTJK,0,4,0,0,0,,11,82,98,0,0,,,,,,,,,0,0,0,0,0,,0.009208103
3/21/2020,UTL,0,13,0,0,0,,3,82,2.8,0,1,,,,,,,,,3,0,0,0,0.3,,0.001841621
3/21/2020,UP,0,23,1,9,0,,33,69,828,0,1,,,,,,,,,1,0,0,0,0.045454545,,0.14732965
3/21/2020,WB,1,3,0,0,0,,32,75,1029,0,0,,,,,,,,,1,0,0,0,0.5,,0.077348066
3/22/2020,AP,0,5,0,0,0,,32,80,303,0,0,319,41,24,6,75,2,0.307377049,0.051282051,2,0,0,0,0.666666667,18127,0.046040516
3/22/2020,BR,0,2,0,0,1,,29,81,1102,0,0,,,,,,,,,0,0,0,0,0,,0.073664825
3/22/2020,CG,0,1,0,0,0,,32,66,189,0,0,,,,,,,,,0,0,0,0,0,,0.020257827
3/22/2020,DL,1,28,1,5,1,,30,75,11297,0,1,,,,,,,,,3,0,0,0,0.12,,0.012891344
3/22/2020,GJ,1,18,0,0,0,,36,42,308,0,0,,,,,,,,,11,0,0,0,1.571428571,,0.047882136
3/22/2020,HR,0,7,14,0,0,,31,49,573,0,0,,,,,,,,,4,0,0,0,1.333333333,,0.018416206
3/22/2020,HP,0,2,0,0,0,,13,75,123,0,0,,,,,,,,,0,0,0,0,0,,0.007366483
3/22/2020,KA,1,26,0,2,1,,32,42,319,0,0,,,,,,,,,11,0,1,0,0.733333333,,0.051565378
3/22/2020,KL,1,45,7,3,0,,34,72,859,0,1,,,,,,,,,12,0,0,0,0.363636364,,0.036832413
3/22/2020,MP,0,4,0,0,0,,33,53,236,0,0,,,,,,,,,0,0,0,0,0,,0.053406998
3/22/2020,MH,1,64,3,0,2,,32,0,365,1,0,,,,,,,,,4,0,0,1,0.066666667,,0.08839779
3/22/2020,OD,0,2,0,0,0,,32,89,269,0,0,,,,,,,,,0,0,0,0,0,,0.038674033
3/22/2020,PC,0,1,0,0,0,,32,77,2598,0,1,,,,,,,,,0,0,0,0,0,,0.001841621
3/22/2020,PB,0,21,0,0,1,,28,74,550,0,0,,,,,,,,,8,0,0,0,0.615384615,,0.023941068
3/22/2020,RJ,0,22,2,3,0,,32,26,201,0,0,,,,,,,,,7,0,0,0,0.466666667,,0.046040516
3/22/2020,TN,1,5,2,1,0,,32,73,555,0,0,,,,,,,,,2,2,0,0,0.666666667,,0.071823204
3/22/2020,TG,1,11,11,1,0,,35,62,312,0,0,,,,,,,,,1,0,0,0,0.1,,0.031307551
3/22/2020,UK,0,3,0,0,0,,28,82,189,0,0,,,,,,,,,0,0,0,0,0,,0.009208103
3/22/2020,UTCH,0,5,0,0,0,,27,74,9252,0,0,,,,,,,,,4,0,0,0,4,,0.001841621
3/22/2020,UTJK,0,4,0,0,0,,15,68,98,0,0,,,,,,,,,0,0,0,0,0,,0.009208103
3/22/2020,UTL,0,13,0,0,0,,3,68,2.8,0,1,,,,,,,,,0,0,0,0,0,,0.001841621
3/22/2020,UP,0,26,1,9,0,,33,56,828,0,1,,,,,,,,,3,0,0,0,0.130434783,,0.14732965
3/22/2020,WB,1,4,0,0,0,,29,77,1029,0,0,,,,,,,,,1,0,0,0,0.333333333,,0.077348066
3/23/2020,AP,0,7,0,0,0,,31,82,303,0,0,393,41,24,6,74,0,0.231974922,0,2,0,0,0,0.4,20707,0.046040516
3/23/2020,BR,0,2,0,0,1,,30,79,1102,0,0,,,,,,,,,0,0,0,0,0,,0.073664825
3/23/2020,CG,0,1,0,0,0,,33,64,189,0,0,,,,,,,,,0,0,0,0,0,,0.020257827
3/23/2020,DL,1,28,1,5,1,,31,80,11297,0,1,,,,,,,,,0,0,0,0,0,,0.012891344
3/23/2020,GJ,1,29,0,0,0,,38,33,308,0,0,,,,,,,,,11,0,0,0,0.611111111,,0.047882136
3/23/2020,HR,0,12,14,0,0,,31,67,573,0,0,,,,,,,,,5,0,0,0,0.714285714,,0.018416206
3/23/2020,HP,0,2,0,0,0,,14,80,123,0,0,,,,,,,,,0,0,0,0,0,,0.007366483
3/23/2020,KA,1,33,0,2,1,,31,71,319,0,0,,,,,,,,,7,0,0,0,0.269230769,,0.051565378
3/23/2020,KL,1,60,7,3,0,,34,76,859,0,1,,,,,,,,,15,0,0,0,0.333333333,,0.036832413
3/23/2020,MP,0,6,0,0,0,,34,46,236,0,0,,,,,,,,,2,0,0,0,0.5,,0.053406998
3/23/2020,MH,1,71,3,0,2,,33,0,365,1,0,,,,,,,,,7,0,0,0,0.109375,,0.08839779
3/23/2020,OD,0,2,0,0,0,,32,80,269,0,0,,,,,,,,,0,0,0,0,0,,0.038674033
3/23/2020,PC,0,1,0,0,0,,34,78,2598,0,1,,,,,,,,,0,0,0,0,0,,0.001841621
3/23/2020,PB,0,21,0,0,1,,28,72,550,0,0,,,,,,,,,0,0,0,0,0,,0.023941068
3/23/2020,RJ,0,26,2,3,0,,30,44,201,0,0,,,,,,,,,4,0,0,0,0.181818182,,0.046040516
3/23/2020,TN,1,7,2,1,0,,32,72,555,0,0,,,,,,,,,2,0,0,0,0.4,,0.071823204
3/23/2020,TG,1,22,11,1,0,,34,62,312,0,0,,,,,,,,,11,0,0,0,1,,0.031307551
3/23/2020,UK,0,3,0,0,0,,14,79,189,0,0,,,,,,,,,0,0,0,0,0,,0.009208103
3/23/2020,UTCH,0,6,0,0,0,,28,72,9252,0,0,,,,,,,,,1,0,0,0,0.2,,0.001841621
3/23/2020,UTJK,0,4,0,0,0,,16,61,98,0,0,,,,,,,,,0,0,0,0,0,,0.009208103
3/23/2020,UTL,0,13,0,0,0,,3,61,2.8,0,1,,,,,,,,,0,0,0,0,0,,0.001841621
3/23/2020,UP,0,30,1,9,0,,32,65,828,0,1,,,,,,,,,4,0,0,0,0.153846154,,0.14732965
3/23/2020,WB,1,7,0,0,0,,31,83,1029,0,0,,,,,,,,,3,0,0,0,0.75,,0.077348066
3/24/2020,AP,0,8,0,0,0,,33,80,303,0,0,475,44,40,9,82,3,0.208651399,0.073170732,1,0,0,0,0.142857143,22694,0.046040516
3/24/2020,BR,0,3,0,0,1,,32,70,1102,0,0,,,,,,,,,1,0,0,0,0.5,,0.073664825
3/24/2020,CG,0,1,0,0,0,,34,55,189,0,0,,,,,,,,,0,0,0,0,0,,0.020257827
3/24/2020,DL,1,29,1,6,1,,31,83,11297,0,1,,,,,,,,,1,0,1,0,0.035714286,,0.012891344
3/24/2020,GJ,1,32,1,0,1,,37,31,308,0,0,,,,,,,,,3,1,0,1,0.103448276,,0.047882136
3/24/2020,HR,0,14,14,11,0,,31,59,573,0,0,,,,,,,,,2,0,11,0,0.166666667,,0.018416206
3/24/2020,HP,0,3,0,0,1,,14,75,123,0,0,,,,,,,,,1,0,0,1,0.5,,0.007366483
3/24/2020,KA,1,37,0,3,1,,34,39,319,0,0,,,,,,,,,4,0,1,0,0.121212121,,0.051565378
3/24/2020,KL,1,87,8,4,0,,34,76,859,0,1,,,,,,,,,27,1,1,0,0.45,,0.036832413
3/24/2020,MP,0,7,0,0,0,,35,37,236,0,0,,,,,,,,,1,0,0,0,0.166666667,,0.053406998
3/24/2020,MH,1,86,3,0,2,,33,0,365,1,0,,,,,,,,,15,0,0,0,0.211267606,,0.08839779
3/24/2020,MN,0,1,0,0,0,,26,0,122,0,0,,,,,,,,,0,0,0,0,0,,0.003683241
3/24/2020,OD,0,2,0,0,0,,33,84,269,0,0,,,,,,,,,0,0,0,0,0,,0.038674033
3/24/2020,PC,0,1,0,0,0,,32,76,2598,0,1,,,,,,,,,0,0,0,0,0,,0.001841621
3/24/2020,PB,0,29,0,0,1,,24,87,550,0,0,,,,,,,,,8,0,0,0,0.380952381,,0.023941068
3/24/2020,RJ,0,30,2,3,0,,32,42,201,0,0,,,,,,,,,4,0,0,0,0.153846154,,0.046040516
3/24/2020,TN,1,13,2,1,0,,31,71,555,0,0,,,,,,,,,6,0,0,0,0.857142857,,0.071823204
3/24/2020,TG,1,24,11,1,0,,36,56,312,0,0,,,,,,,,,2,0,0,0,0.090909091,,0.031307551
3/24/2020,UK,0,3,1,0,0,,29,71,189,0,0,,,,,,,,,0,1,0,0,0,,0.009208103
3/24/2020,UTCH,0,7,0,0,0,,28,87,9252,0,0,,,,,,,,,1,0,0,0,0.166666667,,0.001841621
3/24/2020,UTJK,0,4,0,0,0,,10,89,98,0,0,,,,,,,,,0,0,0,0,0,,0.009208103
3/24/2020,UTL,0,13,0,0,0,,4,89,2.8,0,1,,,,,,,,,0,0,0,0,0,,0.001841621
3/24/2020,UP,0,32,1,11,0,,33,57,828,0,1,,,,,,,,,2,0,2,0,0.066666667,,0.14732965
3/24/2020,WB,1,9,0,0,1,,33,67,1029,0,0,,,,,,,,,2,0,0,1,0.285714286,,0.077348066
3/25/2020,AP,0,9,0,0,0,,33,78,303,1,0,518,44,41,9,43,0,0.090526316,0,1,0,0,0,0.125,25144,0.046040516
3/25/2020,BR,0,3,0,0,1,,32,70,1102,1,0,,,,,,,,,0,0,0,0,0,,0.073664825
3/25/2020,CG,0,1,0,0,0,,34,50,189,1,0,,,,,,,,,0,0,0,0,0,,0.020257827
3/25/2020,DL,1,30,1,6,1,,31,79,11297,1,1,,,,,,,,,1,0,0,0,0.034482759,,0.012891344
3/25/2020,GJ,1,32,1,0,1,,37,47,308,1,0,,,,,,,,,0,0,0,0,0,,0.047882136
3/25/2020,HR,0,14,14,11,0,,31,71,573,1,0,,,,,,,,,0,0,0,0,0,,0.018416206
3/25/2020,HP,0,3,0,0,1,,14,71,123,1,0,,,,,,,,,0,0,0,0,0,,0.007366483
3/25/2020,KA,1,41,0,3,1,,34,38,319,1,0,,,,,,,,,4,0,0,0,0.108108108,,0.051565378
3/25/2020,KL,1,101,8,4,0,,34,76,859,1,1,,,,,,,,,14,0,0,0,0.16091954,,0.036832413
3/25/2020,MP,0,9,0,0,0,,35,92,236,1,0,,,,,,,,,2,0,0,0,0.285714286,,0.053406998
3/25/2020,MH,1,98,3,0,2,,33,0,365,1,0,,,,,,,,,12,0,0,0,0.139534884,,0.08839779
3/25/2020,MN,0,1,0,0,0,,26,0,122,1,0,,,,,,,,,0,0,0,0,0,,0.003683241
3/25/2020,MZ,0,1,0,0,0,,26,0,52,1,0,,,,,,,,,0,0,0,0,0,,0.001841621
3/25/2020,OD,0,2,0,0,0,,33,89,269,1,0,,,,,,,,,0,0,0,0,0,,0.038674033
3/25/2020,PC,0,1,0,0,0,,32,73,2598,1,1,,,,,,,,,0,0,0,0,0,,0.001841621
3/25/2020,PB,0,29,0,0,1,,24,70,550,1,0,,,,,,,,,0,0,0,0,0,,0.023941068
3/25/2020,RJ,0,30,2,3,0,,32,63,201,1,0,,,,,,,,,0,0,0,0,0,,0.046040516
3/25/2020,TN,1,16,2,1,0,,31,72,555,1,0,,,,,,,,,3,0,0,0,0.230769231,,0.071823204
3/25/2020,TG,1,24,11,1,0,,36,49,312,1,0,,,,,,,,,0,0,0,0,0,,0.031307551
3/25/2020,UK,0,3,1,0,0,,29,84,189,1,0,,,,,,,,,0,0,0,0,0,,0.009208103
3/25/2020,UTCH,0,7,0,0,0,,28,70,9252,1,0,,,,,,,,,0,0,0,0,0,,0.001841621
3/25/2020,UTJK,0,7,0,1,0,,10,88,98,1,0,,,,,,,,,3,0,1,0,0.75,,0.009208103
3/25/2020,UTL,0,13,0,0,0,,4,88,2.8,1,1,,,,,,,,,0,0,0,0,0,,0.001841621
3/25/2020,UP,0,34,1,11,0,,33,58,828,1,1,,,,,,,,,2,0,0,0,0.0625,,0.14732965
3/25/2020,WB,1,9,0,0,1,,33,74,1029,1,0,,,,,,,,,0,0,0,0,0,,0.077348066
3/26/2020,AP,0,11,0,1,0,,35,78,303,1,0,651,47,46,16,133,3,0.256756757,0.068181818,2,0,1,0,0.222222222,,0.046040516
3/26/2020,AN,0,1,0,0,0,,31,75,46,1,1,,,,,,,,,0,0,0,0,0,,0.001841621
3/26/2020,BR,0,6,0,0,1,,34,57,1102,1,0,,,,,,,,,3,0,0,0,1,,0.073664825
3/26/2020,CG,0,6,0,0,0,,36,52,189,1,0,,,,,,,,,5,0,0,0,5,,0.020257827
3/26/2020,DL,1,35,1,6,1,,29,93,11297,1,1,,,,,,,,,5,0,0,0,0.166666667,,0.012891344
3/26/2020,GA,1,3,0,0,0,,33,86,394,1,1,,,,,,,,,0,0,0,0,0,,0.003683241
3/26/2020,GJ,1,42,1,0,3,,33,52,308,1,0,,,,,,,,,10,0,0,2,0.3125,,0.047882136
3/26/2020,HR,0,16,14,11,0,,29,76,573,1,0,,,,,,,,,2,0,0,0,0.142857143,,0.018416206
3/26/2020,HP,0,3,0,0,1,,14,80,123,1,0,,,,,,,,,0,0,0,0,0,,0.007366483
3/26/2020,KA,1,55,0,3,2,,34,42,319,1,0,,,,,,,,,14,0,0,1,0.341463415,,0.051565378
3/26/2020,KL,1,110,8,6,0,,34,82,859,1,1,,,,,,,,,9,0,2,0,0.089108911,,0.036832413
3/26/2020,MP,0,20,0,0,1,,32,66,236,1,0,,,,,,,,,11,0,0,1,1.222222222,,0.053406998
3/26/2020,MH,1,125,3,1,3,,34,0,365,1,0,,,,,,,,,27,0,1,1,0.275510204,,0.08839779
3/26/2020,MN,0,1,0,0,0,,28,0,122,1,0,,,,,,,,,0,0,0,0,0,,0.003683241
3/26/2020,MZ,0,1,0,0,0,,27,0,52,1,0,,,,,,,,,0,0,0,0,0,,0.001841621
3/26/2020,OD,0,2,0,0,0,,37,73,269,1,0,,,,,,,,,0,0,0,0,0,,0.038674033
3/26/2020,PC,0,1,0,0,0,,32,77,2598,1,1,,,,,,,,,0,0,0,0,0,,0.001841621
3/26/2020,PB,0,33,0,0,1,,27,69,550,1,0,,,,,,,,,4,0,0,0,0.137931034,,0.023941068
3/26/2020,RJ,0,39,2,3,0,,27,67,201,1,0,,,,,,,,,9,0,0,0,0.3,,0.046040516
3/26/2020,TN,1,20,6,1,1,,31,70,555,1,0,,,,,,,,,4,4,0,1,0.25,,0.071823204
3/26/2020,TG,1,34,10,1,0,,35,53,312,1,0,,,,,,,,,10,-1,0,0,0.416666667,,0.031307551
3/26/2020,UK,0,4,1,0,0,,29,83,189,1,0,,,,,,,,,1,0,0,0,0.333333333,,0.009208103
3/26/2020,UTCH,0,7,0,0,0,,28,69,9252,1,0,,,,,,,,,0,0,0,0,0,,0.001841621
3/26/2020,UTJK,0,13,0,1,1,,16,77,98,1,0,,,,,,,,,6,0,0,1,0.857142857,,0.009208103
3/26/2020,UTL,0,13,0,1,0,,5,77,2.8,1,1,,,,,,,,,0,0,1,0,0,,0.001841621
3/26/2020,UP,0,40,1,11,0,,33,58,828,1,1,,,,,,,,,6,0,0,0,0.176470588,,0.14732965
3/26/2020,WB,1,10,0,0,1,,36,61,1029,1,0,,,,,,,,,1,0,0,0,0.111111111,,0.077348066
3/27/2020,AP,0,11,0,1,0,,36,77,303,1,0,815,47,73,19,164,0,0.251920123,0,0,0,0,0,0,27688,0.046040516
3/27/2020,AN,0,6,0,0,0,,31,82,46,1,1,,,,,,,,,5,0,0,0,5,,0.001841621
3/27/2020,BR,0,9,0,0,1,,36,48,1102,1,0,,,,,,,,,3,0,0,0,0.5,,0.073664825
3/27/2020,CG,0,6,0,0,0,,36,52,189,1,0,,,,,,,,,0,0,0,0,0,,0.020257827
3/27/2020,DL,1,38,1,6,1,,24,92,11297,1,1,,,,,,,,,3,0,0,0,0.085714286,,0.012891344
3/27/2020,GA,1,3,0,0,0,,34,82,394,1,1,,,,,,,,,0,0,0,0,0,,0.003683241
3/27/2020,GJ,1,43,1,0,3,,31,58,308,1,0,,,,,,,,,1,0,0,0,0.023809524,,0.047882136
3/27/2020,HR,0,19,14,11,0,,24,76,573,1,0,,,,,,,,,3,0,0,0,0.1875,,0.018416206
3/27/2020,HP,0,3,0,0,1,,10,92,123,1,0,,,,,,,,,0,0,0,0,0,,0.007366483
3/27/2020,KA,1,64,0,5,3,,33,28,319,1,0,,,,,,,,,9,0,2,1,0.163636364,,0.051565378
3/27/2020,KL,1,168,8,11,0,,34,80,859,1,1,,,,,,,,,58,0,5,0,0.527272727,,0.036832413
3/27/2020,MP,0,27,0,0,2,,26,97,236,1,0,,,,,,,,,7,0,0,1,0.35,,0.053406998
3/27/2020,MH,1,153,3,19,4,,34,0,365,1,0,,,,,,,,,28,0,18,1,0.224,,0.08839779
3/27/2020,MN,0,1,0,0,0,,31,0,122,1,0,,,,,,,,,0,0,0,0,0,,0.003683241
3/27/2020,MZ,0,1,0,0,0,,29,0,52,1,0,,,,,,,,,0,0,0,0,0,,0.001841621
3/27/2020,OD,0,3,0,0,0,,37,70,269,1,0,,,,,,,,,1,0,0,0,0.5,,0.038674033
3/27/2020,PC,0,1,0,0,0,,32,75,2598,1,1,,,,,,,,,0,0,0,0,0,,0.001841621
3/27/2020,PB,0,38,0,0,1,,19,90,550,1,0,,,,,,,,,5,0,0,0,0.151515152,,0.023941068
3/27/2020,RJ,0,43,2,3,0,,25,80,201,1,0,,,,,,,,,4,0,0,0,0.102564103,,0.046040516
3/27/2020,TN,1,29,6,1,1,,32,69,555,1,0,,,,,,,,,9,0,0,0,0.45,,0.071823204
3/27/2020,TG,1,49,10,1,0,,37,44,312,1,0,,,,,,,,,15,0,0,0,0.441176471,,0.031307551
3/27/2020,UK,0,4,1,0,0,,23,96,189,1,0,,,,,,,,,0,0,0,0,0,,0.009208103
3/27/2020,UTCH,0,7,0,0,0,,22,90,9252,1,0,,,,,,,,,0,0,0,0,0,,0.001841621
3/27/2020,UTJK,0,18,0,1,1,,8,89,98,1,0,,,,,,,,,5,0,0,0,0.384615385,,0.009208103
3/27/2020,UTL,0,13,0,3,0,,5,89,2.8,1,1,,,,,,,,,0,0,2,0,0,,0.001841621
3/27/2020,UP,0,48,1,11,0,,24,87,828,1,1,,,,,,,,,8,0,0,0,0.2,,0.14732965
3/27/2020,WB,1,10,0,0,1,,37,53,1029,1,0,,,,,,,,,0,0,0,0,0,,0.077348066
3/28/2020,AP,0,19,0,1,0,,36,79,303,1,0,982,47,85,27,167,0,0.204907975,0,8,0,0,0,0.727272727,,0.046040516
3/28/2020,AN,0,9,0,0,0,,31,78,46,1,1,,,,,,,,,3,0,0,0,0.5,,0.001841621
3/28/2020,BR,0,11,0,0,1,,36,57,1102,1,0,,,,,,,,,2,0,0,0,0.222222222,,0.073664825
3/28/2020,CG,0,7,0,0,0,,36,56,189,1,0,,,,,,,,,1,0,0,0,0.166666667,,0.020257827
3/28/2020,DL,1,48,1,6,2,,24,73,11297,1,1,,,,,,,,,10,0,0,1,0.263157895,,0.012891344
3/28/2020,GA,1,3,0,0,0,,34,88,394,1,1,,,,,,,,,0,0,0,0,0,,0.003683241
3/28/2020,GJ,1,54,1,1,5,,31,36,308,1,0,,,,,,,,,11,0,1,2,0.255813953,,0.047882136
3/28/2020,HR,0,21,14,11,0,,24,56,573,1,0,,,,,,,,,2,0,0,0,0.105263158,,0.018416206
3/28/2020,HP,0,3,0,2,1,,10,82,123,1,0,,,,,,,,,0,0,2,0,0,,0.007366483
3/28/2020,KA,1,81,0,5,3,,33,22,319,1,0,,,,,,,,,17,0,0,0,0.265625,,0.051565378
3/28/2020,KL,1,174,8,12,1,,34,74,859,1,1,,,,,,,,,6,0,1,1,0.035714286,,0.036832413
3/28/2020,MP,0,39,0,0,2,,26,74,236,1,0,,,,,,,,,12,0,0,0,0.444444444,,0.053406998
3/28/2020,MH,1,183,3,25,7,,34,0,365,1,0,,,,,,,,,30,0,6,3,0.196078431,,0.08839779
3/28/2020,MN,0,1,0,0,0,,31,0,122,1,0,,,,,,,,,0,0,0,0,0,,0.003683241
3/28/2020,MZ,0,1,0,0,0,,29,0,52,1,0,,,,,,,,,0,0,0,0,0,,0.001841621
3/28/2020,OD,0,3,0,0,0,,37,71,269,1,0,,,,,,,,,0,0,0,0,0,,0.038674033
3/28/2020,PC,0,1,0,0,0,,32,76,2598,1,1,,,,,,,,,0,0,0,0,0,,0.001841621
3/28/2020,PB,0,38,0,0,1,,19,70,550,1,0,,,,,,,,,0,0,0,0,0,,0.023941068
3/28/2020,RJ,0,52,2,3,0,,25,35,201,1,0,,,,,,,,,9,0,0,0,0.209302326,,0.046040516
3/28/2020,TN,1,36,6,2,1,,32,69,555,1,0,,,,,,,,,7,0,1,0,0.24137931,,0.071823204
3/28/2020,TG,1,57,10,1,1,,37,46,312,1,0,,,,,,,,,8,0,0,1,0.163265306,,0.031307551
3/28/2020,UK,0,5,1,1,0,,23,82,189,1,0,,,,,,,,,1,0,1,0,0.25,,0.009208103
3/28/2020,UTCH,0,8,0,0,0,,22,70,9252,1,0,,,,,,,,,1,0,0,0,0.142857143,,0.001841621
3/28/2020,UTJK,0,33,0,1,1,,8,76,98,1,0,,,,,,,,,15,0,0,0,0.833333333,,0.009208103
3/28/2020,UTL,0,13,0,3,0,,5,76,2.8,1,1,,,,,,,,,0,0,0,0,0,,0.001841621
3/28/2020,UP,0,64,1,11,0,,24,60,828,1,1,,,,,,,,,16,0,0,0,0.333333333,,0.14732965
3/28/2020,WB,1,18,0,0,1,,37,53,1029,1,0,,,,,,,,,8,0,0,0,0.8,,0.077348066
3/29/2020,AP,0,19,0,1,0,,34,70,303,1,0,1082,47,89,27,100,0,0.101832994,0,0,0,0,0,0,,0.046040516
3/29/2020,AN,0,9,0,0,0,,30,82,46,1,1,,,,,,,,,0,0,0,0,0,,0.001841621
3/29/2020,BR,0,15,0,0,1,,33,37,1102,1,0,,,,,,,,,4,0,0,0,0.363636364,,0.073664825
3/29/2020,CG,0,7,0,0,0,,35,64,189,1,0,,,,,,,,,0,0,0,0,0,,0.020257827
3/29/2020,DL,1,71,1,6,2,,29,64,11297,1,1,,,,,,,,,23,0,0,0,0.479166667,,0.012891344
3/29/2020,GA,1,5,0,0,0,,33,84,394,1,1,,,,,,,,,2,0,0,0,0.666666667,,0.003683241
3/29/2020,GJ,1,62,1,1,5,,36,40,308,1,0,,,,,,,,,8,0,0,0,0.148148148,,0.047882136
3/29/2020,HR,0,21,14,11,0,,29,50,573,1,0,,,,,,,,,0,0,0,0,0,,0.018416206
3/29/2020,HP,0,3,0,2,1,,12,80,123,1,0,,,,,,,,,0,0,0,0,0,,0.007366483
3/29/2020,KA,1,83,0,5,3,,34,25,319,1,0,,,,,,,,,2,0,0,0,0.024691358,,0.051565378
3/29/2020,KL,1,194,8,16,1,,34,82,859,1,1,,,,,,,,,20,0,4,0,0.114942529,,0.036832413
3/29/2020,MP,0,39,0,0,2,,33,57,236,1,0,,,,,,,,,0,0,0,0,0,,0.053406998
3/29/2020,MH,1,200,3,25,7,,34,0,365,1,0,,,,,,,,,17,0,0,0,0.092896175,,0.08839779
3/29/2020,MN,0,1,0,0,0,,31,0,122,1,0,,,,,,,,,0,0,0,0,0,,0.003683241
3/29/2020,MZ,0,1,0,0,0,,31,0,52,1,0,,,,,,,,,0,0,0,0,0,,0.001841621
3/29/2020,OD,0,3,0,0,0,,38,94,269,1,0,,,,,,,,,0,0,0,0,0,,0.038674033
3/29/2020,PC,0,1,0,0,0,,32,76,2598,1,1,,,,,,,,,0,0,0,0,0,,0.001841621
3/29/2020,PB,0,38,0,0,1,,26,74,550,1,0,,,,,,,,,0,0,0,0,0,,0.023941068
3/29/2020,RJ,0,54,2,3,0,,31,30,201,1,0,,,,,,,,,2,0,0,0,0.038461538,,0.046040516
3/29/2020,TN,1,46,6,2,1,,32,66,555,1,0,,,,,,,,,10,0,0,0,0.277777778,,0.071823204
3/29/2020,TG,1,57,10,1,1,,37,42,312,1,0,,,,,,,,,0,0,0,0,0,,0.031307551
3/29/2020,UK,0,6,1,1,0,,28,80,189,1,0,,,,,,,,,1,0,0,0,0.2,,0.009208103
3/29/2020,UTCH,0,8,0,0,0,,27,74,9252,1,0,,,,,,,,,0,0,0,0,0,,0.001841621
3/29/2020,UTJK,0,38,0,1,1,,13,74,98,1,0,,,,,,,,,5,0,0,0,0.151515152,,0.009208103
3/29/2020,UTL,0,13,0,3,0,,1,74,2.8,1,1,,,,,,,,,0,0,0,0,0,,0.001841621
3/29/2020,UP,0,68,1,11,0,,32,59,828,1,1,,,,,,,,,4,0,0,0,0.0625,,0.14732965
3/29/2020,WB,1,20,0,0,1,,36,54,1029,1,0,,,,,,,,,2,0,0,0,0.111111111,,0.077348066
3/30/2020,AP,0,23,0,1,0,,33,70,303,1,0,1299,48,139,43,217,1,0.200554529,0.021276596,4,0,0,0,0.210526316,38442,0.046040516
3/30/2020,AN,0,10,0,0,0,,31,80,46,1,1,,,,,,,,,1,0,0,0,0.111111111,,0.001841621
3/30/2020,BR,0,15,0,0,1,,33,40,1102,1,0,,,,,,,,,0,0,0,0,0,,0.073664825
3/30/2020,CG,0,7,0,0,0,,36,66,189,1,0,,,,,,,,,0,0,0,0,0,,0.020257827
3/30/2020,DL,1,96,1,6,2,,29,68,11297,1,1,,,,,,,,,25,0,0,0,0.352112676,,0.012891344
3/30/2020,GA,1,5,0,0,0,,32,82,394,1,1,,,,,,,,,0,0,0,0,0,,0.003683241
3/30/2020,GJ,1,69,1,3,6,,38,29,308,1,0,,,,,,,,,7,0,2,1,0.112903226,,0.047882136
3/30/2020,HR,0,22,14,17,0,,30,44,573,1,0,,,,,,,,,1,0,6,0,0.047619048,,0.018416206
3/30/2020,HP,0,3,1,2,1,,14,81,123,1,0,,,,,,,,,0,1,0,0,0,,0.007366483
3/30/2020,KA,1,91,0,6,3,,35,27,319,1,0,,,,,,,,,8,0,1,0,0.096385542,,0.051565378
3/30/2020,KL,1,226,8,20,1,,36,72,859,1,1,,,,,,,,,32,0,4,0,0.164948454,,0.036832413
3/30/2020,MP,0,47,0,0,4,,35,31,236,1,0,,,,,,,,,8,0,0,2,0.205128205,,0.053406998
3/30/2020,MH,1,235,3,39,10,,33,0,365,1,0,,,,,,,,,35,0,14,3,0.175,,0.08839779
3/30/2020,MN,0,1,0,0,0,,31,0,122,1,0,,,,,,,,,0,0,0,0,0,,0.003683241
3/30/2020,MZ,0,1,0,0,0,,29,0,52,1,0,,,,,,,,,0,0,0,0,0,,0.001841621
3/30/2020,OD,0,3,0,0,0,,37,72,269,1,0,,,,,,,,,0,0,0,0,0,,0.038674033
3/30/2020,PC,0,1,0,0,0,,32,82,2598,1,1,,,,,,,,,0,0,0,0,0,,0.001841621
3/30/2020,PB,0,41,0,1,3,,27,71,550,1,0,,,,,,,,,3,0,1,2,0.078947368,,0.023941068
3/30/2020,RJ,0,77,2,3,0,,32,28,201,1,0,,,,,,,,,23,0,0,0,0.425925926,,0.046040516
3/30/2020,TN,1,61,6,4,1,,32,72,555,1,0,,,,,,,,,15,0,2,0,0.326086957,,0.071823204
3/30/2020,TG,1,67,10,14,8,,37,46,312,1,0,,,,,,,,,10,0,13,7,0.175438596,,0.031307551
3/30/2020,UK,0,6,1,2,0,,28,81,189,1,0,,,,,,,,,0,0,1,0,0,,0.009208103
3/30/2020,UTCH,0,13,0,0,0,,27,71,9252,1,0,,,,,,,,,5,0,0,0,0.625,,0.001841621
3/30/2020,UTJK,0,49,0,1,1,,13,68,98,1,0,,,,,,,,,11,0,0,0,0.289473684,,0.009208103
3/30/2020,UTL,0,13,0,3,0,,2,68,2.8,1,1,,,,,,,,,0,0,0,0,0,,0.001841621
3/30/2020,UP,0,95,1,17,0,,33,58,828,1,1,,,,,,,,,27,0,6,0,0.397058824,,0.14732965
3/30/2020,WB,1,22,0,0,2,,36,53,1029,1,0,,,,,,,,,2,0,0,1,0.1,,0.077348066
3/31/2020,AP,0,44,0,1,0,,33,78,303,1,0,1572,48,151,49,273,0,0.210161663,0,21,0,0,0,0.913043478,42788,0.046040516
3/31/2020,AN,0,10,0,0,0,,31,87,46,1,1,,,,,,,,,0,0,0,0,0,,0.001841621
3/31/2020,AS,0,1,0,0,0,,33,55,397,1,0,,,,,,,,,0,0,0,0,0,,0.025782689
3/31/2020,BR,0,21,0,0,1,,33,55,1102,1,0,,,,,,,,,6,0,0,0,0.4,,0.073664825
3/31/2020,CG,0,9,0,2,0,,36,68,189,1,0,,,,,,,,,2,0,2,0,0.285714286,,0.020257827
3/31/2020,DL,1,119,1,6,2,,29,73,11297,1,1,,,,,,,,,23,0,0,0,0.239583333,,0.012891344
3/31/2020,GA,1,5,0,0,0,,32,68,394,1,1,,,,,,,,,0,0,0,0,0,,0.003683241
3/31/2020,GJ,1,73,1,5,6,,38,24,308,1,0,,,,,,,,,4,0,2,0,0.057971014,,0.047882136
3/31/2020,HR,0,29,14,17,0,,30,54,573,1,0,,,,,,,,,7,0,0,0,0.318181818,,0.018416206
3/31/2020,HP,0,3,1,2,1,,14,75,123,1,0,,,,,,,,,0,0,0,0,0,,0.007366483
3/31/2020,JH,0,1,0,0,0,,33,54,414,1,0,,,,,,,,,0,0,0,0,0,,0.025782689
3/31/2020,KA,1,101,0,8,3,,35,34,319,1,0,,,,,,,,,10,0,2,0,0.10989011,,0.051565378
3/31/2020,KL,1,233,8,24,2,,36,82,859,1,1,,,,,,,,,7,0,4,1,0.030973451,,0.036832413
3/31/2020,MP,0,66,0,0,4,,35,31,236,1,0,,,,,,,,,19,0,0,0,0.404255319,,0.053406998
3/31/2020,MH,1,299,3,39,11,,33,0,365,1,0,,,,,,,,,64,0,0,1,0.272340426,,0.08839779
3/31/2020,MN,0,1,0,0,0,,31,0,122,1,0,,,,,,,,,0,0,0,0,0,,0.003683241
3/31/2020,MZ,0,1,0,0,0,,29,0,52,1,0,,,,,,,,,0,0,0,0,0,,0.001841621
3/31/2020,OD,0,4,0,0,0,,37,76,269,1,0,,,,,,,,,1,0,0,0,0.333333333,,0.038674033
3/31/2020,PC,0,1,0,0,0,,32,80,2598,1,1,,,,,,,,,0,0,0,0,0,,0.001841621
3/31/2020,PB,0,41,0,1,4,,27,86,550,1,0,,,,,,,,,0,0,0,1,0,,0.023941068
3/31/2020,RJ,0,91,2,3,0,,32,36,201,1,0,,,,,,,,,14,0,0,0,0.181818182,,0.046040516
3/31/2020,TN,1,118,6,6,1,,32,73,555,1,0,,,,,,,,,57,0,2,0,0.93442623,,0.071823204
3/31/2020,TG,1,82,10,14,8,,37,42,312,1,0,,,,,,,,,15,0,0,0,0.223880597,,0.031307551
3/31/2020,UK,0,6,1,2,0,,28,70,189,1,0,,,,,,,,,0,0,0,0,0,,0.009208103
3/31/2020,UTCH,0,15,0,0,0,,27,86,9252,1,0,,,,,,,,,2,0,0,0,0.153846154,,0.001841621
3/31/2020,UTJK,0,55,0,1,2,,13,89,98,1,0,,,,,,,,,6,0,0,1,0.12244898,,0.009208103
3/31/2020,UTL,0,13,0,3,0,,2,89,2.8,1,1,,,,,,,,,0,0,0,0,0,,0.001841621
3/31/2020,UP,0,103,1,17,0,,33,59,828,1,1,,,,,,,,,8,0,0,0,0.084210526,,0.14732965
3/31/2020,WB,1,27,0,0,4,,36,52,1029,1,0,,,,,,,,,5,0,0,2,0.227272727,,0.077348066
4/1/2020,AP,0,111,0,2,0,,33,80,303,1,0,1966,48,169,58,394,0,0.250636132,0,67,0,1,0,1.522727273,47951,0.046040516
4/1/2020,AN,0,10,0,0,0,,31,81,46,1,1,,,,,,,,,0,0,0,0,0,,0.001841621
4/1/2020,AS,0,13,0,0,0,,33,64,397,1,0,,,,,,,,,12,0,0,0,12,,0.025782689
4/1/2020,BR,0,24,0,0,1,,33,45,1102,1,0,,,,,,,,,3,0,0,0,0.142857143,,0.073664825
4/1/2020,CG,0,9,0,2,0,,36,46,189,1,0,,,,,,,,,0,0,0,0,0,,0.020257827
4/1/2020,DL,1,151,1,6,2,,29,62,11297,1,1,,,,,,,,,32,0,0,0,0.268907563,,0.012891344
4/1/2020,GA,1,5,0,0,0,,32,76,394,1,1,,,,,,,,,0,0,0,0,0,,0.003683241
4/1/2020,GJ,1,86,1,5,6,,38,34,308,1,0,,,,,,,,,13,0,0,0,0.178082192,,0.047882136
4/1/2020,HR,0,29,14,27,0,,30,48,573,1,0,,,,,,,,,0,0,10,0,0,,0.018416206
4/1/2020,HP,0,3,1,2,1,,14,76,123,1,0,,,,,,,,,0,0,0,0,0,,0.007366483
4/1/2020,JH,0,1,0,0,0,,33,56,414,1,0,,,,,,,,,0,0,0,0,0,,0.025782689
4/1/2020,KA,1,110,0,9,3,,35,30,319,1,0,,,,,,,,,9,0,1,0,0.089108911,,0.051565378
4/1/2020,KL,1,257,8,26,2,,36,80,859,1,1,,,,,,,,,24,0,2,0,0.103004292,,0.036832413
4/1/2020,MP,0,86,0,0,6,,35,38,236,1,0,,,,,,,,,20,0,0,2,0.303030303,,0.053406998
4/1/2020,MH,1,332,3,39,14,,33,0,365,1,0,,,,,,,,,33,0,0,3,0.110367893,,0.08839779
4/1/2020,MN,0,1,0,0,0,,31,0,122,1,0,,,,,,,,,0,0,0,0,0,,0.003683241
4/1/2020,MZ,0,1,0,0,0,,29,0,52,1,0,,,,,,,,,0,0,0,0,0,,0.001841621
4/1/2020,OD,0,4,0,0,0,,37,75,269,1,0,,,,,,,,,0,0,0,0,0,,0.038674033
4/1/2020,PC,0,3,0,0,0,,32,82,2598,1,1,,,,,,,,,2,0,0,0,2,,0.001841621
4/1/2020,PB,0,46,0,1,4,,27,67,550,1,0,,,,,,,,,5,0,0,0,0.12195122,,0.023941068
4/1/2020,RJ,0,118,2,3,0,,32,31,201,1,0,,,,,,,,,27,0,0,0,0.296703297,,0.046040516
4/1/2020,TN,1,228,6,6,1,,32,70,555,1,0,,,,,,,,,110,0,0,0,0.93220339,,0.071823204
4/1/2020,TG,1,87,10,14,8,,37,49,312,1,0,,,,,,,,,5,0,0,0,0.06097561,,0.031307551
4/1/2020,UK,0,6,1,2,0,,28,75,189,1,0,,,,,,,,,0,0,0,0,0,,0.009208103
4/1/2020,UTCH,0,17,0,0,0,,27,67,9252,1,0,,,,,,,,,2,0,0,0,0.133333333,,0.001841621
4/1/2020,UTJK,0,62,0,2,2,,13,86,98,1,0,,,,,,,,,7,0,1,0,0.127272727,,0.009208103
4/1/2020,UTL,0,13,0,3,0,,2,86,2.8,1,1,,,,,,,,,0,0,0,0,0,,0.001841621
4/1/2020,UP,0,116,1,17,2,,33,29,828,1,1,,,,,,,,,13,0,0,2,0.126213592,,0.14732965
4/1/2020,WB,1,37,0,3,6,,36,59,1029,1,0,,,,,,,,,10,0,3,2,0.37037037,,0.077348066
4/2/2020,AP,0,149,0,2,0,,34,78,303,1,0,2488,48,186,71,522,0,0.265513733,0,38,0,0,0,0.342342342,55851,0.046040516
4/2/2020,AN,0,10,0,0,0,,30,83,46,1,1,,,,,,,,,0,0,0,0,0,,0.001841621
4/2/2020,AS,0,16,0,0,0,,34,71,397,1,0,,,,,,,,,3,0,0,0,0.230769231,,0.025782689
4/2/2020,ACP,0,1,0,0,0,,31,86,17,0,0,,,,,,,,,0,0,0,0,0,,0.003683241
4/2/2020,BR,0,29,0,3,1,,36,45,1102,1,0,,,,,,,,,5,0,3,0,0.208333333,,0.073664825
4/2/2020,CG,0,9,0,2,0,,37,36,189,1,0,,,,,,,,,0,0,0,0,0,,0.020257827
4/2/2020,DL,1,292,1,6,4,,31,62,11297,1,1,,,,,,,,,141,0,0,2,0.933774834,,0.012891344
4/2/2020,GA,1,5,0,0,0,,33,82,394,1,1,,,,,,,,,0,0,0,0,0,,0.003683241
4/2/2020,GJ,1,87,1,7,7,,38,35,308,1,0,,,,,,,,,1,0,2,1,0.011627907,,0.047882136
4/2/2020,HR,0,35,14,27,0,,31,37,573,1,0,,,,,,,,,6,0,0,0,0.206896552,,0.018416206
4/2/2020,HP,0,5,1,2,1,,12,76,123,1,0,,,,,,,,,2,0,0,0,0.666666667,,0.007366483
4/2/2020,JH,0,2,0,0,0,,34,45,414,1,0,,,,,,,,,1,0,0,0,1,,0.025782689
4/2/2020,KA,1,124,0,11,3,,36,36,319,1,0,,,,,,,,,14,0,2,0,0.127272727,,0.051565378
4/2/2020,KL,1,278,8,28,2,,35,79,859,1,1,,,,,,,,,21,0,2,0,0.081712062,,0.036832413
4/2/2020,MP,0,107,0,0,8,,34,32,236,1,0,,,,,,,,,21,0,0,2,0.244186047,,0.053406998
4/2/2020,MH,1,420,3,42,21,,35,0,365,1,0,,,,,,,,,88,0,3,7,0.265060241,,0.08839779
4/2/2020,MN,0,2,0,0,0,,31,0,122,1,0,,,,,,,,,1,0,0,0,1,,0.003683241
4/2/2020,MZ,0,1,0,0,0,,29,0,52,1,0,,,,,,,,,0,0,0,0,0,,0.001841621
4/2/2020,OD,0,5,0,1,0,,36,69,269,1,0,,,,,,,,,1,0,1,0,0.25,,0.038674033
4/2/2020,PC,0,3,0,0,0,,33,81,2598,1,1,,,,,,,,,0,0,0,0,0,,0.001841621
4/2/2020,PB,0,47,0,1,4,,27,75,550,1,0,,,,,,,,,1,0,0,0,0.02173913,,0.023941068
4/2/2020,RJ,0,131,2,3,0,,32,21,201,1,0,,,,,,,,,13,0,0,0,0.110169492,,0.046040516
4/2/2020,TN,1,303,6,6,1,,33,74,555,1,0,,,,,,,,,75,0,0,0,0.328947368,,0.071823204
4/2/2020,TG,1,144,10,17,9,,38,42,312,1,0,,,,,,,,,57,0,3,1,0.655172414,,0.031307551
4/2/2020,UK,0,9,1,2,0,,29,71,189,1,0,,,,,,,,,3,0,0,0,0.5,,0.009208103
4/2/2020,UTCH,0,18,0,0,0,,28,75,9252,1,0,,,,,,,,,1,0,0,0,0.058823529,,0.001841621
4/2/2020,UTJK,0,70,0,3,2,,13,74,98,1,0,,,,,,,,,8,0,1,0,0.129032258,,0.009208103
4/2/2020,UTL,0,13,0,3,0,,1,74,2.8,1,1,,,,,,,,,0,0,0,0,0,,0.001841621
4/2/2020,UP,0,120,1,17,2,,33,48,828,1,1,,,,,,,,,4,0,0,0,0.034482759,,0.14732965
4/2/2020,WB,1,53,0,3,6,,36,83,1029,1,0,,,,,,,,,16,0,0,0,0.432432432,,0.077348066
4/3/2020,AP,0,164,0,2,1,,33,80,303,1,0,3075,48,229,86,587,0,0.235932476,0,15,0,0,1,0.100671141,69245,0.046040516
4/3/2020,AN,0,10,0,0,0,,31,81,46,1,1,,,,,,,,,0,0,0,0,0,,0.001841621
4/3/2020,AS,0,23,0,0,0,,34,69,397,1,0,,,,,,,,,7,0,0,0,0.4375,,0.025782689
4/3/2020,ACP,0,1,0,0,0,,29,67,17,0,0,,,,,,,,,0,0,0,0,0,,0.003683241
4/3/2020,BR,0,31,0,3,1,,34,39,1102,1,0,,,,,,,,,2,0,0,0,0.068965517,,0.073664825
4/3/2020,CG,0,9,0,2,0,,35,46,189,1,0,,,,,,,,,0,0,0,0,0,,0.020257827
4/3/2020,DL,1,386,1,8,6,,30,64,11297,1,1,,,,,,,,,94,0,2,2,0.321917808,,0.012891344
4/3/2020,GA,1,6,0,0,0,,32,80,394,1,1,,,,,,,,,1,0,0,0,0.2,,0.003683241
4/3/2020,GJ,1,95,1,10,9,,39,32,308,1,0,,,,,,,,,8,0,3,2,0.091954023,,0.047882136
4/3/2020,HR,0,44,14,27,0,,30,37,573,1,0,,,,,,,,,9,0,0,0,0.257142857,,0.018416206
4/3/2020,HP,0,5,1,2,2,,14,70,123,1,0,,,,,,,,,0,0,0,1,0,,0.007366483
4/3/2020,JH,0,2,0,0,0,,32,43,414,1,0,,,,,,,,,0,0,0,0,0,,0.025782689
4/3/2020,KA,1,128,0,11,4,,35,28,319,1,0,,,,,,,,,4,0,0,1,0.032258065,,0.051565378
4/3/2020,KL,1,287,8,42,2,,34,76,859,1,1,,,,,,,,,9,0,14,0,0.032374101,,0.036832413
4/3/2020,MP,0,154,0,0,8,,34,36,236,1,0,,,,,,,,,47,0,0,0,0.439252336,,0.053406998
4/3/2020,MH,1,487,3,50,26,,33,0,365,1,0,,,,,,,,,67,0,8,5,0.15952381,,0.08839779
4/3/2020,MN,0,2,0,0,0,,31,0,122,1,0,,,,,,,,,0,0,0,0,0,,0.003683241
4/3/2020,MZ,0,1,0,0,0,,27,0,52,1,0,,,,,,,,,0,0,0,0,0,,0.001841621
4/3/2020,OD,0,20,0,2,0,,36,71,269,1,0,,,,,,,,,15,0,1,0,3,,0.038674033
4/3/2020,PC,0,5,0,0,0,,33,76,2598,1,1,,,,,,,,,2,0,0,0,0.666666667,,0.001841621
4/3/2020,PB,0,53,0,1,5,,28,74,550,1,0,,,,,,,,,6,0,0,1,0.127659574,,0.023941068
4/3/2020,RJ,0,177,2,3,0,,33,15,201,1,0,,,,,,,,,46,0,0,0,0.351145038,,0.046040516
4/3/2020,TN,1,411,6,6,1,,33,72,555,1,0,,,,,,,,,108,0,0,0,0.356435644,,0.071823204
4/3/2020,TG,1,219,10,32,11,,36,48,312,1,0,,,,,,,,,75,0,15,2,0.520833333,,0.031307551
4/3/2020,UK,0,15,1,2,0,,28,70,189,1,0,,,,,,,,,6,0,0,0,0.666666667,,0.009208103
4/3/2020,UTCH,0,18,0,0,0,,28,74,9252,1,0,,,,,,,,,0,0,0,0,0,,0.001841621
4/3/2020,UTJK,0,75,0,3,2,,16,72,98,1,0,,,,,,,,,5,0,0,0,0.071428571,,0.009208103
4/3/2020,UTL,0,14,0,3,0,,2,72,2.8,1,1,,,,,,,,,1,0,0,0,0.076923077,,0.001841621
4/3/2020,UP,0,173,1,17,2,,33,47,828,1,1,,,,,,,,,53,0,0,0,0.441666667,,0.14732965
4/3/2020,WB,1,60,0,3,6,,36,64,1029,1,0,,,,,,,,,7,0,0,0,0.132075472,,0.077348066
4/4/2020,AP,0,192,0,2,1,,32,76,303,1,0,3641,48,281,98,566,0,0.184065041,0,28,0,0,0,0.170731707,79950,0.046040516
4/4/2020,AN,0,10,0,0,0,,31,82,46,1,1,,,,,,,,,0,0,0,0,0,,0.001841621
4/4/2020,AS,0,26,0,0,0,,35,66,397,1,0,,,,,,,,,3,0,0,0,0.130434783,,0.025782689
4/4/2020,ACP,0,1,0,0,0,,29,56,17,0,0,,,,,,,,,0,0,0,0,0,,0.003683241
4/4/2020,BR,0,32,0,3,1,,34,37,1102,1,0,,,,,,,,,1,0,0,0,0.032258065,,0.073664825
4/4/2020,CG,0,10,0,3,0,,36,65,189,1,0,,,,,,,,,1,0,1,0,0.111111111,,0.020257827
4/4/2020,DL,1,444,1,16,6,,32,64,11297,1,1,,,,,,,,,58,0,8,0,0.150259067,,0.012891344
4/4/2020,GA,1,7,0,0,0,,33,78,394,1,1,,,,,,,,,1,0,0,0,0.166666667,,0.003683241
4/4/2020,GJ,1,107,1,10,10,,39,31,308,1,0,,,,,,,,,12,0,0,1,0.126315789,,0.047882136
4/4/2020,HR,0,70,14,29,0,,32,37,573,1,0,,,,,,,,,26,0,2,0,0.590909091,,0.018416206
4/4/2020,HP,0,6,1,2,2,,15,73,123,1,0,,,,,,,,,1,0,0,0,0.2,,0.007366483
4/4/2020,JH,0,2,0,0,0,,33,44,414,1,0,,,,,,,,,0,0,0,0,0,,0.025782689
4/4/2020,KA,1,144,0,11,4,,35,31,319,1,0,,,,,,,,,16,0,0,0,0.125,,0.051565378
4/4/2020,KL,1,298,8,50,2,,36,72,859,1,1,,,,,,,,,11,0,8,0,0.038327526,,0.036832413
4/4/2020,MP,0,179,0,0,11,,36,31,236,1,0,,,,,,,,,25,0,0,3,0.162337662,,0.053406998
4/4/2020,MH,1,632,3,52,32,,34,0,365,1,0,,,,,,,,,145,0,2,6,0.297741273,,0.08839779
4/4/2020,MN,0,2,0,0,0,,31,0,122,1,0,,,,,,,,,0,0,0,0,0,,0.003683241
4/4/2020,MZ,0,1,0,0,0,,28,0,52,1,0,,,,,,,,,0,0,0,0,0,,0.001841621
4/4/2020,OD,0,21,0,2,0,,32,86,269,1,0,,,,,,,,,1,0,0,0,0.05,,0.038674033
4/4/2020,PC,0,5,0,0,0,,33,76,2598,1,1,,,,,,,,,0,0,0,0,0,,0.001841621
4/4/2020,PB,0,65,0,3,5,,30,63,550,1,0,,,,,,,,,12,0,2,0,0.226415094,,0.023941068
4/4/2020,RJ,0,198,2,25,0,,34,21,201,1,0,,,,,,,,,21,0,22,0,0.118644068,,0.046040516
4/4/2020,TN,1,479,6,8,3,,32,72,555,1,0,,,,,,,,,68,0,2,2,0.165450122,,0.071823204
4/4/2020,TG,1,262,10,33,11,,33,53,312,1,0,,,,,,,,,43,0,1,0,0.196347032,,0.031307551
4/4/2020,UK,0,21,1,2,0,,30,68,189,1,0,,,,,,,,,6,0,0,0,0.4,,0.009208103
4/4/2020,UTCH,0,18,0,0,0,,30,63,9252,1,0,,,,,,,,,0,0,0,0,0,,0.001841621
4/4/2020,UTJK,0,92,0,3,2,,19,64,98,1,0,,,,,,,,,17,0,0,0,0.226666667,,0.009208103
4/4/2020,UTL,0,14,0,3,0,,2,64,2.8,1,1,,,,,,,,,0,0,0,0,0,,0.001841621
4/4/2020,UP,0,233,1,21,2,,34,47,828,1,1,,,,,,,,,60,0,4,0,0.346820809,,0.14732965
4/4/2020,WB,1,70,0,3,6,,37,67,1029,1,0,,,,,,,,,10,0,0,0,0.166666667,,0.077348066
4/5/2020,AP,0,252,0,5,1,,33,78,303,1,0,4245,48,324,116,604,0,0.165888492,0,60,0,3,0,0.3125,89534,0.046040516
4/5/2020,AN,0,10,0,0,0,,31,82,46,1,1,,,,,,,,,0,0,0,0,0,,0.001841621
4/5/2020,AS,0,26,0,0,0,,35,62,397,1,0,,,,,,,,,0,0,0,0,0,,0.025782689
4/5/2020,ACP,0,1,0,0,0,,31,55,17,0,0,,,,,,,,,0,0,0,0,0,,0.003683241
4/5/2020,BR,0,32,0,3,1,,36,35,1102,1,0,,,,,,,,,0,0,0,0,0,,0.073664825
4/5/2020,CG,0,10,0,8,0,,34,53,189,1,0,,,,,,,,,0,0,5,0,0,,0.020257827
4/5/2020,DL,1,502,1,16,7,,32,70,11297,1,1,,,,,,,,,58,0,0,1,0.130630631,,0.012891344
4/5/2020,GA,1,7,0,0,0,,33,78,394,1,1,,,,,,,,,0,0,0,0,0,,0.003683241
4/5/2020,GJ,1,127,1,17,11,,40,27,308,1,0,,,,,,,,,20,0,7,1,0.186915888,,0.047882136
4/5/2020,HR,0,76,14,29,0,,33,44,573,1,0,,,,,,,,,6,0,0,0,0.085714286,,0.018416206
4/5/2020,HP,0,13,1,2,2,,16,78,123,1,0,,,,,,,,,7,0,0,0,1.166666667,,0.007366483
4/5/2020,JH,0,3,0,0,0,,34,37,414,1,0,,,,,,,,,1,0,0,0,0.5,,0.025782689
4/5/2020,KA,1,151,0,11,4,,35,34,319,1,0,,,,,,,,,7,0,0,0,0.048611111,,0.051565378
4/5/2020,KL,1,306,8,56,2,,34,74,859,1,1,,,,,,,,,8,0,6,0,0.026845638,,0.036832413
4/5/2020,MP,0,193,0,3,12,,37,41,236,1,0,,,,,,,,,14,0,3,1,0.078212291,,0.053406998
4/5/2020,MH,1,745,3,56,45,,32,0,365,1,0,,,,,,,,,113,0,4,13,0.178797468,,0.08839779
4/5/2020,MN,0,2,0,0,0,,29,0,122,1,0,,,,,,,,,0,0,0,0,0,,0.003683241
4/5/2020,MZ,0,1,0,0,0,,28,0,52,1,0,,,,,,,,,0,0,0,0,0,,0.001841621
4/5/2020,OD,0,39,0,2,0,,35,82,269,1,0,,,,,,,,,18,0,0,0,0.857142857,,0.038674033
4/5/2020,PC,0,5,0,0,0,,33,82,2598,1,1,,,,,,,,,0,0,0,0,0,,0.001841621
4/5/2020,PB,0,68,0,3,5,,28,85,550,1,0,,,,,,,,,3,0,0,0,0.046153846,,0.023941068
4/5/2020,RJ,0,264,2,25,0,,34,21,201,1,0,,,,,,,,,66,0,0,0,0.333333333,,0.046040516
4/5/2020,TN,1,565,6,8,5,,33,79,555,1,0,,,,,,,,,86,0,0,2,0.17954071,,0.071823204
4/5/2020,TG,1,324,10,33,11,,37,46,312,1,0,,,,,,,,,62,0,0,0,0.236641221,,0.031307551
4/5/2020,UK,0,25,1,4,0,,31,68,189,1,0,,,,,,,,,4,0,2,0,0.19047619,,0.009208103
4/5/2020,UTCH,0,18,0,5,0,,31,85,9252,1,0,,,,,,,,,0,0,5,0,0,,0.001841621
4/5/2020,UTJK,0,106,0,4,2,,18,76,98,1,0,,,,,,,,,14,0,1,0,0.152173913,,0.009208103
4/5/2020,UTL,0,14,0,3,0,,3,76,2.8,1,1,,,,,,,,,0,0,0,0,0,,0.001841621
4/5/2020,UP,0,277,1,21,2,,36,53,828,1,1,,,,,,,,,44,0,0,0,0.188841202,,0.14732965
4/5/2020,WB,1,83,0,10,6,,37,56,1029,1,0,,,,,,,,,13,0,7,0,0.185714286,,0.077348066
4/6/2020,AP,0,303,0,5,3,,33,80,303,1,0,4733,48,383,136,488,0,0.114958775,0,51,0,0,2,0.202380952,101068,0.046040516
4/6/2020,AN,0,10,0,0,0,,31,80,46,1,1,,,,,,,,,0,0,0,0,0,,0.001841621
4/6/2020,AS,0,26,0,0,0,,35,56,397,1,0,,,,,,,,,0,0,0,0,0,,0.025782689
4/6/2020,ACP,0,1,0,0,0,,30,75,17,1,0,,,,,,,,,0,0,0,0,0,,0.003683241
4/6/2020,BR,0,32,0,9,1,,37,33,1102,1,0,,,,,,,,,0,0,6,0,0,,0.073664825
4/6/2020,CG,0,10,0,8,0,,36,62,189,1,0,,,,,,,,,0,0,0,0,0,,0.020257827
4/6/2020,DN,0,1,0,0,0,,37,0,970,1,0,,,,,,,,,0,0,0,0,0,,0.001841621
4/6/2020,DL,1,524,1,16,7,,34,52,11297,1,1,,,,,,,,,22,0,0,0,0.043824701,,0.012891344
4/6/2020,GA,1,7,0,0,0,,33,82,394,1,1,,,,,,,,,0,0,0,0,0,,0.003683241
4/6/2020,GJ,1,145,1,22,12,,40,24,308,1,0,,,,,,,,,18,0,5,1,0.141732283,,0.047882136
4/6/2020,HR,0,96,14,29,2,,35,33,573,1,0,,,,,,,,,20,0,0,2,0.263157895,,0.018416206
4/6/2020,HP,0,17,1,2,2,,16,76,123,1,0,,,,,,,,,4,0,0,0,0.307692308,,0.007366483
4/6/2020,JH,0,4,0,0,0,,34,38,414,1,0,,,,,,,,,1,0,0,0,0.333333333,,0.025782689
4/6/2020,KA,1,163,0,20,4,,34,66,319,1,0,,,,,,,,,12,0,9,0,0.079470199,,0.051565378
4/6/2020,KL,1,319,8,59,2,,34,88,859,1,1,,,,,,,,,13,0,3,0,0.04248366,,0.036832413
4/6/2020,MP,0,256,0,11,15,,37,39,236,1,0,,,,,,,,,63,0,8,3,0.32642487,,0.053406998
4/6/2020,MH,1,865,3,70,52,,31,0,365,1,0,,,,,,,,,120,0,14,7,0.161073826,,0.08839779
4/6/2020,MN,0,2,0,1,0,,29,0,122,1,0,,,,,,,,,0,0,1,0,0,,0.003683241
4/6/2020,MZ,0,1,0,0,0,,27,0,52,1,0,,,,,,,,,0,0,0,0,0,,0.001841621
4/6/2020,OD,0,40,0,2,0,,37,88,269,1,0,,,,,,,,,1,0,0,0,0.025641026,,0.038674033
4/6/2020,PC,0,5,0,0,0,,33,83,2598,1,1,,,,,,,,,0,0,0,0,0,,0.001841621
4/6/2020,PB,0,79,0,4,7,,31,71,550,1,0,,,,,,,,,11,0,1,2,0.161764706,,0.023941068
4/6/2020,RJ,0,299,2,25,2,,36,19,201,1,0,,,,,,,,,35,0,0,2,0.132575758,,0.046040516
4/6/2020,TN,1,615,6,13,5,,33,79,555,1,0,,,,,,,,,50,0,5,0,0.088495575,,0.071823204
4/6/2020,TG,1,354,10,33,11,,36,47,312,1,0,,,,,,,,,30,0,0,0,0.092592593,,0.031307551
4/6/2020,UK,0,30,1,4,0,,32,70,189,1,0,,,,,,,,,5,0,0,0,0.2,,0.009208103
4/6/2020,UTCH,0,18,0,5,0,,32,71,9252,1,0,,,,,,,,,0,0,0,0,0,,0.001841621
4/6/2020,UTJK,0,109,0,4,2,,16,77,98,1,0,,,,,,,,,3,0,0,0,0.028301887,,0.009208103
4/6/2020,UTL,0,14,0,10,0,,2,77,2.8,1,1,,,,,,,,,0,0,7,0,0,,0.001841621
4/6/2020,UP,0,304,1,21,3,,37,48,828,1,1,,,,,,,,,27,0,0,1,0.097472924,,0.14732965
4/6/2020,TR,0,1,0,0,0,,37,0,350,1,0,,,,,,,,,0,0,0,0,0,,0.003683241
4/6/2020,WB,1,83,0,10,6,,38,45,1029,1,0,,,,,,,,,0,0,0,0,0,,0.077348066
4/7/2020,AP,0,314,0,5,3,,33,84,303,1,0,5314,48,469,163,581,0,0.122755124,0,11,0,0,0,0.03630363,114015,0.046040516
4/7/2020,AN,0,10,0,0,0,,31,76,46,1,1,,,,,,,,,0,0,0,0,0,,0.001841621
4/7/2020,AS,0,28,0,0,0,,34,62,397,1,0,,,,,,,,,2,0,0,0,0.076923077,,0.025782689
4/7/2020,ACP,0,1,0,0,0,,29,80,17,1,0,,,,,,,,,0,0,0,0,0,,0.003683241
4/7/2020,BR,0,38,0,15,1,,37,35,1102,1,0,,,,,,,,,6,0,6,0,0.1875,,0.073664825
4/7/2020,CG,0,10,0,9,0,,36,25,189,1,0,,,,,,,,,0,0,1,0,0,,0.020257827
4/7/2020,DN,0,1,0,0,0,,37,0,970,1,0,,,,,,,,,0,0,0,0,0,,0.001841621
4/7/2020,DL,1,575,1,20,9,,33,52,11297,1,1,,,,,,,,,51,0,4,2,0.097328244,,0.012891344
4/7/2020,GA,1,7,0,0,0,,32,73,394,1,1,,,,,,,,,0,0,0,0,0,,0.003683241
4/7/2020,GJ,1,174,1,25,14,,39,27,308,1,0,,,,,,,,,29,0,3,2,0.2,,0.047882136
4/7/2020,HR,0,129,14,31,2,,34,35,573,1,0,,,,,,,,,33,0,2,0,0.34375,,0.018416206
4/7/2020,HP,0,27,1,2,2,,14,36,123,1,0,,,,,,,,,10,0,0,0,0.588235294,,0.007366483
4/7/2020,JH,0,4,0,0,0,,34,56,414,1,0,,,,,,,,,0,0,0,0,0,,0.025782689
4/7/2020,KA,1,175,0,25,4,,30,72,319,1,0,,,,,,,,,12,0,5,0,0.073619632,,0.051565378
4/7/2020,KL,1,335,8,71,2,,31,96,859,1,1,,,,,,,,,16,0,12,0,0.05015674,,0.036832413
4/7/2020,MP,0,290,0,21,21,,37,30,236,1,0,,,,,,,,,34,0,10,6,0.1328125,,0.053406998
4/7/2020,MH,1,1015,3,79,64,,31,0,365,1,0,,,,,,,,,150,0,9,12,0.173410405,,0.08839779
4/7/2020,MN,0,2,0,1,0,,30,0,122,1,0,,,,,,,,,0,0,0,0,0,,0.003683241
4/7/2020,MZ,0,1,0,0,0,,28,0,52,1,0,,,,,,,,,0,0,0,0,0,,0.001841621
4/7/2020,OD,0,42,0,2,1,,36,86,269,1,0,,,,,,,,,2,0,0,1,0.05,,0.038674033
4/7/2020,PC,0,5,0,1,0,,33,82,2598,1,1,,,,,,,,,0,0,1,0,0,,0.001841621
4/7/2020,PB,0,99,0,14,8,,26,78,550,1,0,,,,,,,,,20,0,10,1,0.253164557,,0.023941068
4/7/2020,RJ,0,341,2,25,2,,36,28,201,1,0,,,,,,,,,42,0,0,0,0.140468227,,0.046040516
4/7/2020,TN,1,684,6,19,7,,33,76,555,1,0,,,,,,,,,69,0,6,2,0.112195122,,0.071823204
4/7/2020,TG,1,394,10,45,11,,34,50,312,1,0,,,,,,,,,40,0,12,0,0.11299435,,0.031307551
4/7/2020,UK,0,30,1,4,0,,32,60,189,1,0,,,,,,,,,0,0,0,0,0,,0.009208103
4/7/2020,UTCH,0,18,0,7,0,,30,78,9252,1,0,,,,,,,,,0,0,2,0,0,,0.001841621
4/7/2020,UTJK,0,125,0,4,3,,16,90,98,1,0,,,,,,,,,16,0,0,1,0.146788991,,0.009208103
4/7/2020,UTL,0,14,0,10,0,,4,90,2.8,1,1,,,,,,,,,0,0,0,0,0,,0.001841621
4/7/2020,UP,0,331,1,21,3,,38,34,828,1,1,,,,,,,,,27,0,0,0,0.088815789,,0.14732965
4/7/2020,TR,0,1,0,0,0,,37,0,350,1,0,,,,,,,,,0,0,0,0,0,,0.003683241
4/7/2020,WB,1,94,0,13,6,,39,68,1029,1,0,,,,,,,,,11,0,3,0,0.13253012,,0.077348066
4/8/2020,AP,0,348,0,6,3,,33,70,303,1,0,5883,48,565,185,569,0,0.107075649,0,34,0,1,0,0.108280255,127919,0.046040516
4/8/2020,AN,0,11,0,0,0,,31,80,46,1,1,,,,,,,,,1,0,0,0,0.1,,0.001841621
4/8/2020,AS,0,28,0,0,0,,34,62,397,1,0,,,,,,,,,0,0,0,0,0,,0.025782689
4/8/2020,ACP,0,1,0,0,0,,31,60,17,1,0,,,,,,,,,0,0,0,0,0,,0.003683241
4/8/2020,BR,0,39,0,15,1,,36,45,1102,1,0,,,,,,,,,1,0,0,0,0.026315789,,0.073664825
4/8/2020,CG,0,11,0,9,0,,37,50,189,1,0,,,,,,,,,1,0,0,0,0.1,,0.020257827
4/8/2020,DN,0,1,0,0,0,,36,80,970,1,0,,,,,,,,,0,0,0,0,0,,0.001841621
4/8/2020,DL,1,668,1,21,9,,33,59,11297,1,1,,,,,,,,,93,0,1,0,0.16173913,,0.012891344
4/8/2020,GA,1,7,0,0,0,,33,72,394,1,1,,,,,,,,,0,0,0,0,0,,0.003683241
4/8/2020,GJ,1,186,1,25,16,,39,37,308,1,0,,,,,,,,,12,0,0,2,0.068965517,,0.047882136
4/8/2020,HR,0,153,14,32,2,,33,31,573,1,0,,,,,,,,,24,0,1,0,0.186046512,,0.018416206
4/8/2020,HP,0,27,1,2,2,,12,69,123,1,0,,,,,,,,,0,0,0,0,0,,0.007366483
4/8/2020,JH,0,13,0,0,1,,33,79,414,1,0,,,,,,,,,9,0,0,1,2.25,,0.025782689
4/8/2020,KA,1,181,0,28,6,,31,53,319,1,0,,,,,,,,,6,0,3,2,0.034285714,,0.051565378
4/8/2020,KL,1,337,8,84,2,,34,80,859,1,1,,,,,,,,,2,0,13,0,0.005970149,,0.036832413
4/8/2020,MP,0,341,0,25,24,,37,34,236,1,0,,,,,,,,,51,0,4,3,0.175862069,,0.053406998
4/8/2020,MH,1,1132,3,117,72,,31,0,365,1,0,,,,,,,,,117,0,38,8,0.115270936,,0.08839779
4/8/2020,MN,0,2,0,1,0,,31,70,122,1,0,,,,,,,,,0,0,0,0,0,,0.003683241
4/8/2020,MZ,0,1,0,0,0,,28,48,52,1,0,,,,,,,,,0,0,0,0,0,,0.001841621
4/8/2020,OD,0,42,0,2,1,,34,81,269,1,0,,,,,,,,,0,0,0,0,0,,0.038674033
4/8/2020,PC,0,5,0,1,0,,33,81,2598,1,1,,,,,,,,,0,0,0,0,0,,0.001841621
4/8/2020,PB,0,106,0,14,9,,29,62,550,1,0,,,,,,,,,7,0,0,1,0.070707071,,0.023941068
4/8/2020,RJ,0,381,2,45,3,,35,17,201,1,0,,,,,,,,,40,0,20,1,0.117302053,,0.046040516
4/8/2020,TN,1,732,6,21,8,,33,78,555,1,0,,,,,,,,,48,0,2,1,0.070175439,,0.071823204
4/8/2020,TG,1,443,10,45,11,,37,44,312,1,0,,,,,,,,,49,0,0,0,0.124365482,,0.031307551
4/8/2020,UK,0,34,1,5,0,,31,64,189,1,0,,,,,,,,,4,0,1,0,0.133333333,,0.009208103
4/8/2020,UTCH,0,18,0,7,0,,29,62,9252,1,0,,,,,,,,,0,0,0,0,0,,0.001841621
4/8/2020,UTJK,0,158,0,6,3,,18,74,98,1,0,,,,,,,,,33,0,2,0,0.264,,0.009208103
4/8/2020,UTL,0,14,0,10,0,,3,74,2.8,1,1,,,,,,,,,0,0,0,0,0,,0.001841621
4/8/2020,UP,0,360,1,31,4,,36,36,828,1,1,,,,,,,,,29,0,10,1,0.087613293,,0.14732965
4/8/2020,TR,0,1,0,0,0,,32,89,350,1,0,,,,,,,,,0,0,0,0,0,,0.003683241
4/8/2020,WB,1,102,0,13,8,,37,49,1029,1,0,,,,,,,,,8,0,0,2,0.085106383,,0.077348066
4/9/2020,AP,0,363,0,10,5,,30,76,303,1,0,6684,48,625,229,801,0,0.136155023,0,15,0,4,2,0.043103448,144910,0.046040516
4/9/2020,AN,0,11,0,0,0,,31,82,46,1,1,,,,,,,,,0,0,0,0,0,,0.001841621
4/9/2020,AS,0,29,0,0,0,,33,79,397,1,0,,,,,,,,,1,0,0,0,0.035714286,,0.025782689
4/9/2020,ACP,0,1,0,0,0,,29,67,17,1,0,,,,,,,,,0,0,0,0,0,,0.003683241
4/9/2020,BR,0,58,0,15,1,,37,46,1102,1,0,,,,,,,,,19,0,0,0,0.487179487,,0.073664825
4/9/2020,CG,0,18,0,9,0,,37,52,189,1,0,,,,,,,,,7,0,0,0,0.636363636,,0.020257827
4/9/2020,DN,0,1,0,0,0,,36,68,970,1,0,,,,,,,,,0,0,0,0,0,,0.001841621
4/9/2020,DL,1,719,1,25,12,,33,67,11297,1,1,,,,,,,,,51,0,4,3,0.076347305,,0.012891344
4/9/2020,GA,1,7,0,0,0,,34,76,394,1,1,,,,,,,,,0,0,0,0,0,,0.003683241
4/9/2020,GJ,1,261,1,26,18,,38,35,308,1,0,,,,,,,,,75,0,1,2,0.403225806,,0.047882136
4/9/2020,HR,0,156,14,32,2,,33,34,573,1,0,,,,,,,,,3,0,0,0,0.019607843,,0.018416206
4/9/2020,HP,0,27,1,2,2,,16,67,123,1,0,,,,,,,,,0,0,0,0,0,,0.007366483
4/9/2020,JH,0,13,0,0,1,,33,54,414,1,0,,,,,,,,,0,0,0,0,0,,0.025782689
4/9/2020,KA,1,197,0,30,6,,33,91,319,1,0,,,,,,,,,16,0,2,0,0.08839779,,0.051565378
4/9/2020,KL,1,349,8,97,2,,34,87,859,1,1,,,,,,,,,12,0,13,0,0.035608309,,0.036832413
4/9/2020,MP,0,411,0,25,33,,37,31,236,1,0,,,,,,,,,70,0,0,9,0.205278592,,0.053406998
4/9/2020,MH,1,1361,3,125,97,,32,0,365,1,0,,,,,,,,,229,0,8,25,0.20229682,,0.08839779
4/9/2020,MN,0,2,0,1,0,,31,70,122,1,0,,,,,,,,,0,0,0,0,0,,0.003683241
4/9/2020,MZ,0,1,0,0,0,,28,86,52,1,0,,,,,,,,,0,0,0,0,0,,0.001841621
4/9/2020,OD,0,48,0,2,1,,34,81,269,1,0,,,,,,,,,6,0,0,0,0.142857143,,0.038674033
4/9/2020,PC,0,5,0,1,0,,33,82,2598,1,1,,,,,,,,,0,0,0,0,0,,0.001841621
4/9/2020,PB,0,130,0,18,10,,31,64,550,1,0,,,,,,,,,24,0,4,1,0.226415094,,0.023941068
4/9/2020,RJ,0,461,2,60,3,,34,20,201,1,0,,,,,,,,,80,0,15,0,0.209973753,,0.046040516
4/9/2020,TN,1,828,6,27,8,,32,90,555,1,0,,,,,,,,,96,0,6,0,0.131147541,,0.071823204
4/9/2020,TG,1,461,10,45,12,,35,59,312,1,0,,,,,,,,,18,0,0,1,0.040632054,,0.031307551
4/9/2020,UK,0,34,1,5,0,,32,70,189,1,0,,,,,,,,,0,0,0,0,0,,0.009208103
4/9/2020,UTCH,0,18,0,7,0,,32,64,9252,1,0,,,,,,,,,0,0,0,0,0,,0.001841621
4/9/2020,UTJK,0,184,0,6,4,,18,72,98,1,0,,,,,,,,,26,0,0,1,0.164556962,,0.009208103
4/9/2020,UTL,0,14,0,10,0,,3,72,2.8,1,1,,,,,,,,,0,0,0,0,0,,0.001841621
4/9/2020,UP,0,409,1,31,4,,31,47,828,1,1,,,,,,,,,49,0,0,0,0.136111111,,0.14732965
4/9/2020,TR,0,1,0,0,0,,36,80,350,1,0,,,,,,,,,0,0,0,0,0,,0.003683241
4/9/2020,WB,1,106,0,16,8,,37,65,1029,1,0,,,,,,,,,4,0,3,0,0.039215686,,0.077348066
4/10/2020,AP,0,381,0,10,5,,30,80,303,1,0,7558,48,774,250,874,0,0.130760024,0,18,0,0,0,0.049586777,161330,0.046040516
4/10/2020,AN,0,11,0,10,0,,31,78,46,1,1,,,,,,,,,0,0,10,0,0,,0.001841621
4/10/2020,AS,0,29,0,0,1,,33,72,397,1,0,,,,,,,,,0,0,0,1,0,,0.025782689
4/10/2020,ACP,0,1,0,0,0,,29,72,17,1,0,,,,,,,,,0,0,0,0,0,,0.003683241
4/10/2020,BR,0,60,0,15,1,,37,38,1102,1,0,,,,,,,,,2,0,0,0,0.034482759,,0.073664825
4/10/2020,CG,0,19,0,9,0,,37,35,189,1,0,,,,,,,,,1,0,0,0,0.055555556,,0.020257827
4/10/2020,DN,0,1,0,0,0,,36,58,970,1,0,,,,,,,,,0,0,0,0,0,,0.001841621
4/10/2020,DL,1,902,1,27,14,,33,64,11297,1,1,,,,,,,,,183,0,2,2,0.254520167,,0.012891344
4/10/2020,GA,1,7,0,1,0,,34,66,394,1,1,,,,,,,,,0,0,1,0,0,,0.003683241
4/10/2020,GJ,1,377,1,33,18,,38,27,308,1,0,,,,,,,,,116,0,7,0,0.444444444,,0.047882136
4/10/2020,HR,0,162,14,36,2,,33,27,573,1,0,,,,,,,,,6,0,4,0,0.038461538,,0.018416206
4/10/2020,HP,0,28,1,2,2,,16,70,123,1,0,,,,,,,,,1,0,0,0,0.037037037,,0.007366483
4/10/2020,JH,0,14,0,0,1,,33,46,414,1,0,,,,,,,,,1,0,0,0,0.076923077,,0.025782689
4/10/2020,KA,1,207,0,34,6,,33,47,319,1,0,,,,,,,,,10,0,4,0,0.050761421,,0.051565378
4/10/2020,KL,1,356,8,124,2,,34,76,859,1,1,,,,,,,,,7,0,27,0,0.020057307,,0.036832413
4/10/2020,MP,0,451,0,25,36,,37,34,236,1,0,,,,,,,,,40,0,0,3,0.097323601,,0.053406998
4/10/2020,MH,1,1571,3,188,110,,32,0,365,1,0,,,,,,,,,210,0,63,13,0.15429831,,0.08839779
4/10/2020,MN,0,2,0,1,0,,31,59,122,1,0,,,,,,,,,0,0,0,0,0,,0.003683241
4/10/2020,MZ,0,1,0,0,0,,28,86,52,1,0,,,,,,,,,0,0,0,0,0,,0.001841621
4/10/2020,OD,0,50,0,12,1,,34,80,269,1,0,,,,,,,,,2,0,10,0,0.041666667,,0.038674033
4/10/2020,PC,0,7,0,1,0,,33,78,2598,1,1,,,,,,,,,2,0,0,0,0.4,,0.001841621
4/10/2020,PB,0,151,0,20,11,,31,62,550,1,0,,,,,,,,,21,0,2,1,0.161538462,,0.023941068
4/10/2020,RJ,0,559,2,60,3,,34,18,201,1,0,,,,,,,,,98,0,0,0,0.212581345,,0.046040516
4/10/2020,TN,1,905,6,44,9,,32,76,555,1,0,,,,,,,,,77,0,17,1,0.092995169,,0.071823204
4/10/2020,TG,1,477,10,45,12,,35,57,312,1,0,,,,,,,,,16,0,0,0,0.034707158,,0.031307551
4/10/2020,UK,0,35,1,5,0,,32,72,189,1,0,,,,,,,,,1,0,0,0,0.029411765,,0.009208103
4/10/2020,UTCH,0,19,0,7,0,,32,62,9252,1,0,,,,,,,,,1,0,0,0,0.055555556,,0.001841621
4/10/2020,UTJK,0,207,0,6,4,,18,79,98,1,0,,,,,,,,,23,0,0,0,0.125,,0.009208103
4/10/2020,UTL,0,15,0,11,0,,3,79,2.8,1,1,,,,,,,,,1,0,1,0,0.071428571,,0.001841621
4/10/2020,UP,0,432,1,32,4,,31,46,828,1,1,,,,,,,,,23,0,1,0,0.056234719,,0.14732965
4/10/2020,TR,0,2,0,0,0,,36,76,350,1,0,,,,,,,,,1,0,0,0,1,,0.003683241
4/10/2020,WB,1,119,0,16,8,,37,86,1029,1,0,,,,,,,,,13,0,0,0,0.122641509,,0.077348066
4/11/2020,AP,0,405,0,10,6,,33,0,303,1,0,8410,48,968,292,852,0,0.112728235,0,24,0,0,1,0.062992126,179374,0.046040516
4/11/2020,AN,0,11,0,10,0,,31,0,46,1,1,,,,,,,,,0,0,0,0,0,,0.001841621
4/11/2020,AS,0,29,0,0,1,,32,0,397,1,0,,,,,,,,,0,0,0,0,0,,0.025782689
4/11/2020,ACP,0,1,0,0,0,,30,0,17,1,0,,,,,,,,,0,0,0,0,0,,0.003683241
4/11/2020,BR,0,64,0,15,1,,36,0,1102,1,0,,,,,,,,,4,0,0,0,0.066666667,,0.073664825
4/11/2020,CG,0,25,0,9,0,,36,0,189,1,0,,,,,,,,,6,0,0,0,0.315789474,,0.020257827
4/11/2020,DN,0,1,0,0,0,,38,0,970,1,0,,,,,,,,,0,0,0,0,0,,0.001841621
4/11/2020,DL,1,1068,1,27,19,,36,0,11297,1,1,,,,,,,,,166,0,0,5,0.184035477,,0.012891344
4/11/2020,GA,1,7,0,1,0,,33,0,394,1,1,,,,,,,,,0,0,0,0,0,,0.003683241
4/11/2020,GJ,1,467,1,44,22,,42,0,308,1,0,,,,,,,,,90,0,11,4,0.23872679,,0.047882136
4/11/2020,HR,0,165,14,36,2,,36,0,573,1,0,,,,,,,,,3,0,0,0,0.018518519,,0.018416206
4/11/2020,HP,0,32,1,8,2,,18,0,123,1,0,,,,,,,,,4,0,6,0,0.142857143,,0.007366483
4/11/2020,JH,0,17,0,0,1,,35,0,414,1,0,,,,,,,,,3,0,0,0,0.214285714,,0.025782689
4/11/2020,KA,1,215,0,39,6,,33,0,319,1,0,,,,,,,,,8,0,5,0,0.038647343,,0.051565378
4/11/2020,KL,1,365,8,143,2,,36,0,859,1,1,,,,,,,,,9,0,19,0,0.025280899,,0.036832413
4/11/2020,MP,0,529,0,38,40,,38,0,236,1,0,,,,,,,,,78,0,13,4,0.172949002,,0.053406998
4/11/2020,MH,1,1758,3,208,127,,33,0,365,1,0,,,,,,,,,187,0,20,17,0.119032463,,0.08839779
4/11/2020,MN,0,2,0,1,0,,32,0,122,1,0,,,,,,,,,0,0,0,0,0,,0.003683241
4/11/2020,MZ,0,1,0,0,0,,30,0,52,1,0,,,,,,,,,0,0,0,0,0,,0.001841621
4/11/2020,OD,0,54,0,12,1,,37,0,269,1,0,,,,,,,,,4,0,0,0,0.08,,0.038674033
4/11/2020,PC,0,7,0,1,0,,33,0,2598,1,1,,,,,,,,,0,0,0,0,0,,0.001841621
4/11/2020,PB,0,158,0,20,12,,32,0,550,1,0,,,,,,,,,7,0,0,1,0.046357616,,0.023941068
4/11/2020,RJ,0,698,2,116,9,,37,0,201,1,0,,,,,,,,,139,0,56,6,0.248658318,,0.046040516
4/11/2020,TN,1,963,6,44,10,,32,0,555,1,0,,,,,,,,,58,0,0,1,0.064088398,,0.071823204
4/11/2020,TG,1,493,10,96,14,,37,0,312,1,0,,,,,,,,,16,0,51,2,0.033542977,,0.031307551
4/11/2020,UK,0,35,1,5,0,,33,0,189,1,0,,,,,,,,,0,0,0,0,0,,0.009208103
4/11/2020,UTCH,0,19,0,7,0,,34,0,9252,1,0,,,,,,,,,0,0,0,0,0,,0.001841621
4/11/2020,UTJK,0,224,0,6,4,,21,0,98,1,0,,,,,,,,,17,0,0,0,0.082125604,,0.009208103
4/11/2020,UTL,0,15,0,11,0,,7,0,2.8,1,1,,,,,,,,,0,0,0,0,0,,0.001841621
4/11/2020,UP,0,451,1,45,5,,39,0,828,1,1,,,,,,,,,19,0,13,1,0.043981481,,0.14732965
4/11/2020,TR,0,2,0,0,0,,37,0,350,1,0,,,,,,,,,0,0,0,0,0,,0.003683241
4/11/2020,WB,1,129,0,16,8,,35,0,1029,1,0,,,,,,,,,10,0,0,0,0.084033613,,0.077348066
4/12/2020,AP,0,405,0,10,6,,33,0,303,1,0,8410,48,968,292,0,0,0,0,0,0,0,0,0,,0.046040516
4/12/2020,AN,0,11,0,10,0,,31,0,46,1,1,,,,,,,,,0,0,0,0,0,,0.001841621
4/12/2020,AS,0,29,0,0,1,,32,0,397,1,0,,,,,,,,,0,0,0,0,0,,0.025782689
4/12/2020,ACP,0,1,0,0,0,,30,0,17,1,0,,,,,,,,,0,0,0,0,0,,0.003683241
4/12/2020,BR,0,64,0,15,1,,36,0,1102,1,0,,,,,,,,,0,0,0,0,0,,0.073664825
4/12/2020,CG,0,25,0,9,0,,36,0,189,1,0,,,,,,,,,0,0,0,0,0,,0.020257827
4/12/2020,DN,0,1,0,0,0,,38,0,970,1,0,,,,,,,,,0,0,0,0,0,,0.001841621
4/12/2020,DL,1,1068,1,27,19,,36,0,11297,1,1,,,,,,,,,0,0,0,0,0,,0.012891344
4/12/2020,GA,1,7,0,1,0,,33,0,394,1,1,,,,,,,,,0,0,0,0,0,,0.003683241
4/12/2020,GJ,1,467,1,44,22,,42,0,308,1,0,,,,,,,,,0,0,0,0,0,,0.047882136
4/12/2020,HR,0,165,14,36,2,,36,0,573,1,0,,,,,,,,,0,0,0,0,0,,0.018416206
4/12/2020,HP,0,32,1,8,2,,18,0,123,1,0,,,,,,,,,0,0,0,0,0,,0.007366483
4/12/2020,JH,0,17,0,0,1,,35,0,414,1,0,,,,,,,,,0,0,0,0,0,,0.025782689
4/12/2020,KA,1,215,0,39,6,,33,0,319,1,0,,,,,,,,,0,0,0,0,0,,0.051565378
4/12/2020,KL,1,365,8,143,2,,36,0,859,1,1,,,,,,,,,0,0,0,0,0,,0.036832413
4/12/2020,MP,0,529,0,38,40,,38,0,236,1,0,,,,,,,,,0,0,0,0,0,,0.053406998
4/12/2020,MH,1,1758,3,208,127,,33,0,365,1,0,,,,,,,,,0,0,0,0,0,,0.08839779
4/12/2020,MN,0,2,0,1,0,,32,0,122,1,0,,,,,,,,,0,0,0,0,0,,0.003683241
4/12/2020,MZ,0,1,0,0,0,,30,0,52,1,0,,,,,,,,,0,0,0,0,0,,0.001841621
4/12/2020,OD,0,54,0,12,1,,37,0,269,1,0,,,,,,,,,0,0,0,0,0,,0.038674033
4/12/2020,PC,0,7,0,1,0,,33,0,2598,1,1,,,,,,,,,0,0,0,0,0,,0.001841621
4/12/2020,PB,0,158,0,20,12,,32,0,550,1,0,,,,,,,,,0,0,0,0,0,,0.023941068
4/12/2020,RJ,0,698,2,116,9,,37,0,201,1,0,,,,,,,,,0,0,0,0,0,,0.046040516
4/12/2020,TN,1,963,6,44,10,,32,0,555,1,0,,,,,,,,,0,0,0,0,0,,0.071823204
4/12/2020,TG,1,493,10,96,14,,37,0,312,1,0,,,,,,,,,0,0,0,0,0,,0.031307551
4/12/2020,UK,0,35,1,5,0,,33,0,189,1,0,,,,,,,,,0,0,0,0,0,,0.009208103
4/12/2020,UTCH,0,19,0,7,0,,34,0,9252,1,0,,,,,,,,,0,0,0,0,0,,0.001841621
4/12/2020,UTJK,0,224,0,6,4,,21,0,98,1,0,,,,,,,,,0,0,0,0,0,,0.009208103
4/12/2020,UTL,0,15,0,11,0,,7,0,2.8,1,1,,,,,,,,,0,0,0,0,0,,0.001841621
4/12/2020,UP,0,451,1,45,5,,39,0,828,1,1,,,,,,,,,0,0,0,0,0,,0.14732965
4/12/2020,TR,0,2,0,0,0,,37,0,350,1,0,,,,,,,,,0,0,0,0,0,,0.003683241
4/12/2020,WB,1,129,0,16,8,,35,0,1029,1,0,,,,,,,,,0,0,0,0,0,,0.077348066
